{"trend":[31.6,31.66,31.461043072089325,31.905403431445713],"levels":[[102359,0.040630130417800586],[270537,0.10738629327016204],[753606,0.2991345173715748],[588997,0.2337950246260054],[209930,0.08332909933282737],[379422,0.15060683812251716],[214437,0.08511809685911258]],"ethnicity":[0.35122421917341506,0.23540604569794044,0.15383815028901734,0.5589332511176198,0.2493434490808287],"path":[[31.905403431445713,33.912160329199594,35.91891722695347,37.92567412470734,39.932431022461216,41.93918792021509,43.945944817968964,45.95270171572284,47.95945861347671,49.96621551123059,51.97297240898446,53.979729306738335,55.98648620449221,57.99324310224608,60],[31.905403431445713,32.33815606976489,32.77090870808407,33.20366134640325,33.63641398472243,34.06916662304161,34.50191926136079,34.93467189967997,35.36742453799915,35.80017717631833,36.23292981463751,36.66568245295669,37.09843509127587,37.53118772959505,37.963940367914226]],"counties":[["Autauga",32.3425461228529],["Baldwin",37.34752223634053],["Barbour",21.109481264168558],["Bibb",17.945415022945014],["Blount",19.594997022036928],["Bullock",20.706075533661743],["Butler",22.038515735086897],["Calhoun",24.1165054876955],["Chambers",20.258000221459415],["Cherokee",18.32104773491734],["Chilton",20.12652705061082],["Choctaw",19.309196837286727],["Clarke",22.604722010662606],["Clay",18.014455202509204],["Cleburne",17.50191766811557],["Coffee",33.29317581221825],["Colbert",26.710291493158834],["Conecuh",25.01161530122348],["Coosa",13.747228381374724],["Covington",23.309756604951115],["Crenshaw",19.829600109935413],["Cullman",25.712518437455394],["Dale",29.678508401749404],["Dallas",22.583143507972665],["DeKalb",18.80406779661017],["Elmore",29.272962125755413],["Escambia",22.174892283587937],["Etowah",26.482537484741933],["Fayette",20.238626226583406],["Franklin",19.759597694100332],["Geneva",19.457896638959163],["Greene",13.888265649540049],["Hale",17.880308407783623],["Henry",23.284286195664386],["Houston",29.81612446958982],["Jackson",21.543947975666036],["Jefferson",39.49391688781048],["Lamar",17.23145361768939],["Lauderdale",29.583094159916662],["Lawrence",22.142857142857146],["Lee",40.50940149932408],["Limestone",30.053908355795148],["Lowndes",19.672968829841594],["Macon",27.86174929463926],["Madison",46.77217049358163],["Marengo",25.88478915662651],["Marion",18.158726225140946],["Marshall",24.542163095187977],["Mobile",29.562206259283727],["Monroe",17.537598776446597],["Montgomery",38.5804573034748],["Morgan",27.92487878597066],["Perry",20.638965111720893],["Pickens",17.795086878370284],["Pike",28.55016575333198],["Randolph",20.69769449961143],["Russell",22.324716520217304],["St. Clair",23.88460100710249],["Shelby",50.36717663421419],["Sumter",22.8062015503876],["Talladega",21.020763200108448],["Tallapoosa",27.189831445150595],["Tuscaloosa",34.016210629385846],["Walker",19.19968790057404],["Washington",16.772116772116775],["Wilcox",19.885115729008277],["Winston",19.69007786600879]]}