{"trend":[38.58,38.72,38.781407127047736,38.9013589317553],"levels":[[1859961,0.09278548309749779],[1745632,0.08708209926468954],[4130374,0.20604665741020609],[4511756,0.22507217091005358],[1588179,0.0792274438874261],[4010467,0.20006501106290547],[2199450,0.10972113436722142]],"ethnicity":[0.5069673423712542,0.3258198553176273,0.16341557241377277,0.5904784479476705,0.2567808147449995],"path":[[38.9013589317553,40.4084047223442,41.915450512933106,43.42249630352201,44.929542094110914,46.43658788469982,47.94363367528872,49.45067946587763,50.95772525646653,52.464771047055436,53.97181683764434,55.478862628233244,56.98590841882215,58.49295420941105,60],[38.9013589317553,39.19438960058555,39.48742026941581,39.78045093824606,40.07348160707632,40.36651227590657,40.65954294473683,40.95257361356708,41.24560428239734,41.53863495122759,41.83166562005785,42.1246962888881,42.41772695771836,42.71075762654861,43.00378829537887]],"counties":[["Alameda",50.054946616519985],["Alpine",39.13793103448276],["Amador",29.102660172349196],["Butte",34.69581928142133],["Calaveras",31.163748712667353],["Colusa",22.63413704374345],["Contra Costa",47.7482230267409],["Del Norte",21.982951996410943],["El Dorado",42.11932771420821],["Fresno",28.05813122110081],["Glenn",22.565286394459676],["Humboldt",36.983496970963024],["Imperial",21.239915881521263],["Inyo",33.26202118989405],["Kern",21.491824370502066],["Kings",20.97612665960232],["Lake",25.83152723594856],["Lassen",24.285383368079685],["Los Angeles",37.34047961868259],["Madera",21.525007052754603],["Marin",61.47527827209603],["Mariposa",30.071174377224196],["Mendocino",31.716915264995237],["Merced",19.75235455213413],["Modoc",28.08192201654195],["Mono",42.38921001926783],["Monterey",29.46906459186614],["Napa",40.29406420774574],["Nevada",43.47388435298065],["Orange",45.462396541051724],["Placer",48.491021411332284],["Plumas",32.88215123623894],["Riverside",28.248997025857367],["Sacramento",38.14519092640229],["San Benito",28.274743485772717],["San Bernardino",27.33082806126594],["San Diego",44.15256729108217],["San Francisco",61.42235552968338],["San Joaquin",26.675570808566846],["San Luis Obispo",40.90276191809281],["San Mateo",54.259345493455925],["Santa Barbara",39.994901235960015],["Santa Clara",55.07967159756127],["Santa Cruz",46.905631505247506],["Shasta",31.647255302195106],["Sierra",27.292576419213972],["Siskiyou",33.51943402659393],["Solano",35.47719515145],["Sonoma",40.443250400884814],["Stanislaus",24.212201013704064],["Sutter",29.84109542726735],["Tehama",21.24061935974162],["Trinity",29.288756938169612],["Tulare",20.90511387886548],["Tuolumne",26.4523817405409],["Ventura",40.47896937717674],["Yolo",48.13776236308627],["Yuba",22.652543307955423]]}