{"trend":[46.57,46.35,45.83907425385338,46.40278390473431],"levels":[[61528,0.031894847775297046],[105627,0.05475486097323659],[501086,0.25975266045268],[365697,0.18956979175144328],[154754,0.08022128579863345],[427696,0.22170879622453912],[312701,0.16209775702417048]],"ethnicity":[0.5216561787767154,0.2667212912350016,0.20003192780954224,0.6751706703467142,0.34313360625232603],"path":[[46.40278390473431,47.374013625824716,48.345243346915126,49.316473068005536,50.287702789095945,51.258932510186355,52.230162231276765,53.201391952367175,54.172621673457584,55.143851394547994,56.115081115638404,57.08631083672881,58.05754055781922,59.02877027890963,60],[46.40278390473431,46.786991893071246,47.171199881408185,47.555407869745125,47.939615858082064,48.323823846419,48.70803183475594,49.09223982309288,49.47644781142982,49.86065579976676,50.2448637881037,50.62907177644064,51.01327976477758,51.39748775311452,51.78169574145146]],"counties":[["Fairfield",53.59565641278763],["Hartford",45.1631858836421],["Litchfield",43.8021763999584],["Middlesex",50.281550542951436],["New Haven",43.018286427707714],["New London",41.30440652338265],["Tolland",49.7959392551463],["Windham",31.44399249061327]]}