{"trend":[37.04,38.55,37.43361573829483,37.59555581633166],"levels":[[18742,0.039274278721228476],[34038,0.07132738763809492],[147033,0.30811092856783623],[97986,0.20533184690952372],[35859,0.0751433337244975],[88415,0.18527560309131444],[55135,0.11553662134750466]],"ethnicity":[0.41624194285534183,0.25399207710528465,0.1656801316663298,0.7716163246483745,0.24002799160251925],"path":[[37.59555581633166,39.19587325802226,40.79619069971285,42.396508141403444,43.99682558309404,45.59714302478463,47.19746046647522,48.79777790816581,50.398095349856405,51.998412791547,53.59873023323759,55.19904767492818,56.79936511661877,58.399682558309365,60],[37.59555581633166,37.88726876187073,38.1789817074098,38.470694652948865,38.76240759848793,39.054120544027,39.34583348956607,39.637546435105136,39.929259380644204,40.22097232618327,40.51268527172234,40.80439821726141,41.096111162800476,41.387824108339544,41.67953705387861]],"counties":[["Kent",31.074323159165374],["New Castle",41.932111073286976],["Sussex",31.017055592659418]]}