{"trend":[36.18,36.15,36.119671839630115,36.3662717038157],"levels":[[243103,0.04645517560833362],[477795,0.09130307166009372],[1484632,0.28370213561227775],[1124465,0.2148769000811379],[378333,0.07229662305042589],[998793,0.1908619153666321],[525945,0.10050417862109899]],"ethnicity":[0.41177826071543,0.2875231382346329,0.1818052870976738,0.5796501965336217,0.322293481382215],"path":[[36.3662717038157,38.05439515354315,39.7425186032706,41.430642052998046,43.118765502725495,44.806888952452944,46.49501240218039,48.18313585190784,49.87125930163529,51.55938275136274,53.24750620109019,54.93562965081764,56.62375310054509,58.31187655027254,60],[36.3662717038157,36.77269910453563,37.17912650525557,37.5855539059755,37.991981306695436,38.39840870741537,38.804836108135305,39.21126350885524,39.617690909575174,40.02411831029511,40.43054571101504,40.83697311173498,41.24340051245491,41.649827913174846,42.05625531389478]],"counties":[["Appling",17.081776670817767],["Atkinson",12.252591894439208],["Bacon",13.471678856948461],["Baker",20.668485675306954],["Baldwin",25.436430964556518],["Banks",17.504118616144975],["Barrow",25.133515872800718],["Bartow",22.333951276145534],["Ben Hill",19.63035242796464],["Berrien",23.06051990251828],["Bibb",31.19154897580554],["Bleckley",20.379146919431278],["Brantley",10.35691523263225],["Brooks",18.877676593650012],["Bryan",39.58038515966283],["Bulloch",33.64704265988872],["Burke",14.184274333217871],["Butts",15.200432532633041],["Calhoun",13.767518549051939],["Camden",30.22215244524688],["Candler",19.721228103220945],["Carroll",24.710424710424707],["Catoosa",29.85966047839007],["Charlton",14.01540748749831],["Chatham",38.139709730442924],["Chattahoochee",39.063714063714066],["Chattooga",16.361339229311437],["Cherokee",43.47678781667415],["Clarke",46.26418884982421],["Clay",17.064846416382252],["Clayton",26.042441760631903],["Clinch",19.35665914221219],["Cobb",52.99181258775915],["Coffee",19.333059623192373],["Colquitt",19.241434833169336],["Columbia",46.06279496790446],["Cook",15.214932126696835],["Coweta",36.22036912849521],["Crawford",17.988969028425966],["Crisp",20.230775709593196],["Dade",24.79631597591215],["Dawson",25.723208415516105],["Decatur",22.79577464788732],["DeKalb",47.82204755274659],["Dodge",21.600848131460374],["Dooly",16.52654034383235],["Dougherty",25.930707983645362],["Douglas",33.97828177927708],["Early",23.538147391869316],["Echols",9.508196721311476],["Effingham",24.747620421113357],["Elbert",18.459884686797615],["Emanuel",18.83015597920277],["Evans",19.64994586791772],["Fannin",21.19221216248698],["Fayette",55.375338634973346],["Floyd",26.297268159720105],["Forsyth",53.40204875051642],["Franklin",20.640345354798093],["Fulton",55.54923630074286],["Gilmer",18.889694731983916],["Glascock",16.48079306071871],["Glynn",32.775514163756306],["Gordon",19.226358043999582],["Grady",20.614998431126452],["Greene",19.014417395414796],["Gwinnett",45.27517703262822],["Habersham",25.510986779768086],["Hall",28.98387742081986],["Hancock",17.77819761949745],["Haralson",19.06861762544264],["Harris",40.2811383799977],["Hart",22.54708383961118],["Heard",16.121830649019294],["Henry",36.31579915732921],["Houston",36.12200019122287],["Irwin",15.81979016663238],["Jackson",26.504226752859275],["Jasper",25.20783051756503],["Jeff Davis",19.00662251655629],["Jefferson",15.327015327015328],["Jenkins",24.68354430379747],["Johnson",18.53882894038564],["Jones",25.43554006968641],["Lamar",17.168641948461456],["Lanier",22.563067608476285],["Laurens",22.601993462733546],["Lee",27.18614165175147],["Liberty",28.938896503362763],["Lincoln",18.364928909952607],["Long",16.016189650187915],["Lowndes",31.119167348848087],["Lumpkin",26.244708728079015],["McDuffie",20.476571530185826],["McIntosh",20.626924153372514],["Macon",17.292654787847713],["Madison",18.91550232867598],["Marion",9.92196209587514],["Meriwether",12.082973206568713],["Miller",19.71971971971972],["Mitchell",16.62926751081904],["Monroe",23.25661999168168],["Montgomery",26.020953602736796],["Morgan",32.20338983050847],["Murray",12.220976930979731],["Muscogee",30.67391006811745],["Newton",27.701653858684196],["Oconee",54.16011644832605],["Oglethorpe",24.03411941796287],["Paulding",30.96642796136916],["Peach",26.00751879699248],["Pickens",26.443598227105312],["Pierce",18.14968814968815],["Pike",23.239662357089433],["Polk",16.60261337432744],["Pulaski",18.091423836486673],["Putnam",25.264737027885637],["Quitman",13.720073664825046],["Rabun",28.207834858081164],["Randolph",26.37130801687764],["Richmond",28.864225297022443],["Rockdale",34.18480184005662],["Schley",18.202853837254146],["Screven",16.475722858701584],["Seminole",18.52621852621853],["Spalding",19.99220927096755],["Stephens",23.509630082543566],["Stewart",17.398427260812582],["Sumter",24.172517552657972],["Talbot",17.339234574329602],["Taliaferro",13.340935005701255],["Tattnall",14.803928597032048],["Taylor",12.611243759496418],["Telfair",15.973359537067363],["Terrell",16.593704398582446],["Thomas",26.657974793568016],["Tift",27.64330565120519],["Toombs",22.414928649835346],["Towns",29.045037531276066],["Treutlen",15.599255912835504],["Troup",26.771977215338538],["Turner",21.50800711743772],["Twiggs",16.75273703780211],["Union",30.83851796824218],["Upson",16.16096866096866],["Walker",20.992209922099217],["Walton",27.225873244508463],["Ware",20.594091373836303],["Warren",11.374715632109197],["Washington",14.222379854584148],["Wayne",18.43016069221261],["Webster",22.215269086357946],["Wheeler",16.179826563213147],["White",27.97307940144627],["Whitfield",20.669699022549114],["Wilcox",11.587147030185005],["Wilkes",21.54240703425536],["Wilkinson",19.54656862745098],["Worth",15.533547466095648]]}