{"trend":[38.81,40.1,39.683466137747914,41.14056561744946],"levels":[[39396,0.02510881058195258],[75410,0.04806212321009859],[456336,0.29084308523012264],[352369,0.2245803248033315],[195549,0.12463201341481991],[313560,0.19984563524411236],[136391,0.08692800751556234]],"ethnicity":[0.41705667378478417,0.27516452001126673,0.157012675789872,0.5604254478398314,0.17405335628227195],"path":[[41.14056561744946,42.48766807334593,43.8347705292424,45.18187298513887,46.528975441035335,47.876077896931804,49.22318035282827,50.57028280872474,51.91738526462121,53.26448772051768,54.61159017641415,55.958692632310616,57.305795088207084,58.65289754410355,60],[41.14056561744946,41.866496618530206,42.59242761961095,43.3183586206917,44.04428962177244,44.77022062285319,45.49615162393393,46.22208262501468,46.948013626095424,47.67394462717617,48.399875628256915,49.12580662933766,49.851737630418405,50.57766863149915,51.303599632579896]],"counties":[["Adair",33.06556102617258],["Adams",33.66884750880725],["Allamakee",28.640375068946497],["Appanoose",31.044083526682137],["Audubon",34.17254112118161],["Benton",33.49567492912699],["Black Hawk",38.825487398953875],["Boone",35.90483056957462],["Bremer",45.35373506404195],["Buchanan",35.34205040742846],["Buena Vista",33.126576955424724],["Butler",29.06730259671436],["Calhoun",37.043946932006634],["Carroll",33.23300970873787],["Cass",28.172293364377182],["Cedar",35.41645217749408],["Cerro Gordo",41.78897692340997],["Cherokee",34.34594953519256],["Chickasaw",29.88085782366958],["Clarke",26.57327586206896],["Clay",34.45171849427169],["Clayton",27.75616083009079],["Clinton",32.588542904682676],["Crawford",24.32630167052799],["Dallas",57.333559111562664],["Davis",32.38495794161307],["Decatur",26.293218976145805],["Delaware",29.959380832144035],["Des Moines",31.69507072852798],["Dickinson",42.22907388375014],["Dubuque",37.8606689931058],["Emmet",34.18956590999602],["Fayette",31.134041075503518],["Floyd",34.033245844269466],["Franklin",30.668871738331497],["Fremont",28.244876510772464],["Greene",37.400301789178705],["Grundy",39.34374004460019],["Guthrie",35.35317949621279],["Hamilton",33.59365159339967],["Hancock",34.5522261723379],["Hardin",40.54604239013292],["Harrison",30.087228225491472],["Henry",32.69726171166873],["Howard",27.41592166879523],["Humboldt",33.83177570093458],["Ida",32.35800344234079],["Iowa",38.59751814563334],["Jackson",25.264602116816935],["Jasper",29.136363636363637],["Jefferson",45.320567986230635],["Johnson",62.846693559779624],["Jones",30.37826126207457],["Keokuk",27.66880422482082],["Kossuth",35.7834905051027],["Lee",27.179621848739497],["Linn",46.33695338432674],["Louisa",22.649140546006066],["Lucas",21.98741007194245],["Lyon",31.898238747553815],["Madison",34.77938450129774],["Mahaska",31.75462336490753],["Marion",37.40010980296468],["Marshall",33.26907868722815],["Mills",39.529810954920016],["Mitchell",32.75212997820487],["Monona",26.474530831099198],["Monroe",34.348355663824606],["Montgomery",32.99595141700404],["Muscatine",30.308489079036253],["O'Brien",35.48478817173728],["Osceola",28.3927454659162],["Page",28.8393618316892],["Palo Alto",33.169642857142854],["Plymouth",35.577682946104005],["Pocahontas",32.923832923832926],["Polk",46.99621509307078],["Pottawattamie",31.349542440455288],["Poweshiek",35.57213930348259],["Ringgold",40.9987410826689],["Sac",33.97361272797827],["Scott",43.763365849753555],["Shelby",35.26280771789754],["Sioux",37.77368663291472],["Story",61.250661025912216],["Tama",31.301276207839564],["Taylor",27.948717948717945],["Union",29.886914378029076],["Van Buren",24.759177297578752],["Wapello",27.93055938275007],["Warren",42.75595894477903],["Washington",32.85354444044621],["Wayne",29.793709841055122],["Webster",33.887614678899084],["Winnebago",35.85598824393828],["Winneshiek",43.217826842481855],["Woodbury",31.250122753608956],["Worth",34.886050588529926],["Wright",28.032761551537625]]}