{"trend":[40.53,39.98,40.497288673180776,40.67272733456451],"levels":[[50419,0.03429548986997793],[80581,0.05481197305009404],[371330,0.2525822458481704],[369861,0.2515830178861125],[123872,0.08425892860179507],[316216,0.21509317171552272],[157856,0.10737517302832733]],"ethnicity":[0.4403431309208871,0.2958288362643642,0.15854021052310646,0.5315184763482041,0.27347257466328323],"path":[[40.67272733456451,42.05324681066705,43.43376628676958,44.81428576287212,46.19480523897465,47.57532471507719,48.95584419117972,50.33636366728226,51.71688314338479,53.097402619487326,54.47792209558986,55.858441571692396,57.23896104779493,58.619480523897465,60],[40.67272733456451,41.140939774063824,41.609152213563135,42.077364653062446,42.54557709256176,43.01378953206107,43.48200197156038,43.95021441105969,44.418426850559,44.88663929005831,45.35485172955762,45.823064169056934,46.291276608556245,46.759489048055556,47.22770148755487]],"counties":[["Allen",32.13572854291417],["Anderson",26.229086229086228],["Atchison",29.786959328599092],["Barber",32.26452905811623],["Barton",32.192434814542786],["Bourbon",38.03982052720135],["Brown",26.337033299697275],["Butler",38.461081048938574],["Chase",20.340184266477678],["Chautauqua",28.09734513274336],["Cherokee",25.38571941155364],["Cheyenne",30.332829046898638],["Clark",40.056285178236394],["Clay",30.407822561411876],["Cloud",32.56025466120964],["Coffey",34.36241610738255],["Comanche",33.72717508055854],["Cowley",31.89592328828576],["Crawford",38.46870036694233],["Decatur",30.872913992297818],["Dickinson",30.211296221048357],["Doniphan",27.662835249042146],["Douglas",57.64717348927876],["Edwards",32.85356695869837],["Elk",33.05497564370216],["Ellis",43.31885052214346],["Ellsworth",34.28895827419812],["Finney",27.65211490612984],["Ford",25.081054627760448],["Franklin",28.309265944645002],["Geary",31.713142266976504],["Gove",33.157498116051244],["Graham",32.14285714285714],["Grant",29.89936440677966],["Gray",33.299180327868854],["Greeley",30.831973898858077],["Greenwood",22.856280193236714],["Hamilton",24.793388429752067],["Harper",27.72038567493113],["Harvey",37.73117369757041],["Haskell",23.807296538821326],["Hodgeman",39.447513812154696],["Jackson",29.4795159644263],["Jefferson",32.62857704789065],["Jewell",36.86934023285899],["Johnson",61.489794079665245],["Kearny",29.709762532981525],["Kingman",32.135416666666664],["Kiowa",39.8880895283773],["Labette",31.48626221648534],["Lane",32.407407407407405],["Leavenworth",39.37947494033413],["Lincoln",36.63663663663664],["Linn",25.415915013028663],["Logan",39.45720250521921],["Lyon",29.676745329400195],["McPherson",34.35246810870771],["Marion",32.06751054852321],["Marshall",24.597014925373134],["Meade",31.247036510194405],["Miami",34.62341882325635],["Mitchell",35.49214491824303],["Montgomery",30.703771849126035],["Morris",29.461852861035425],["Morton",32.68101761252446],["Nemaha",32.37291623790904],["Neosho",28.499508840864436],["Ness",31.46807109940751],["Norton",29.27545691906005],["Osage",28.363123236124178],["Osborne",35.09249183895539],["Ottawa",28.907721280602637],["Pawnee",31.316146540027134],["Phillips",31.128684399712437],["Pottawatomie",40.92461013195534],["Pratt",35.72044866264021],["Rawlins",40.27221777421937],["Reno",31.66883237423427],["Republic",36.78971381169639],["Rice",29.775280898876403],["Riley",54.45290834415698],["Rooks",33.47232752084913],["Rush",26.779252110977083],["Russell",36.11030478955007],["Saline",33.30734058767235],["Scott",34.774436090225564],["Sedgwick",37.16916943625883],["Seward",19.825608077099588],["Shawnee",37.86668398605789],["Sheridan",34.190871369294605],["Sherman",30.45883501464367],["Smith",32.86219081272085],["Stafford",32.79445727482679],["Stanton",22.254901960784313],["Stevens",23.398230088495577],["Sumner",29.10005680434959],["Thomas",43.75170160631637],["Trego",33.26374391092554],["Wabaunsee",31.483457844183565],["Wallace",34.4019728729963],["Washington",32.91050035236082],["Wichita",34.99079189686925],["Wilson",22.50321474496357],["Woodson",26.303456356180437],["Wyandotte",23.612612948531513]]}