{"trend":[29.18,30.45,30.037563683762755,30.76912835441157],"levels":[[96449,0.04142306118092811],[211153,0.0906863071419767],[787968,0.3384176784892902],[516394,0.22178166964368928],[186589,0.08013652357917858],[315337,0.13543140772439657],[214499,0.09212335224054057]],"ethnicity":[0.30801358910908094,0.2320026065781802,0.17311007561404407,0.6146759275920395,0.2720314891755959],"path":[[30.76912835441157,32.857047757667885,34.9449671609242,37.032886564180515,39.12080596743683,41.208725370693145,43.29664477394946,45.384564177205775,47.47248358046209,49.560402983718404,51.64832238697472,53.736241790231034,55.82416119348735,57.912080596743664,60],[30.76912835441157,31.340723295837794,31.912318237264017,32.48391317869024,33.05550812011646,33.62710306154268,34.1986980029689,34.770292944395116,35.341887885821336,35.913482827247556,36.485077768673776,37.056672710099996,37.628267651526215,38.199862592952435,38.771457534378655]],"counties":[["Adair",21.342494714587737],["Allen",19.487868034909372],["Anderson",27.42018537590113],["Ballard",22.09355131698456],["Barren",23.59337634796733],["Bath",22.678081085446614],["Bell",18.799635464132276],["Boone",40.73087942202292],["Bourbon",24.856362437600076],["Boyd",26.779926232256624],["Boyle",33.370188653168405],["Bracken",23.01516503122212],["Breathitt",17.377177021055367],["Breckinridge",16.55152834295448],["Bullitt",22.324404544680434],["Butler",19.36245572609209],["Caldwell",22.796849457571707],["Calloway",38.31369748899203],["Campbell",38.549859107540904],["Carlisle",20.437670965220793],["Carroll",13.949433304272013],["Carter",18.567271719551062],["Casey",16.336872586872587],["Christian",22.80899525956758],["Clark",27.558651777481813],["Clay",10.996150144369587],["Clinton",14.247821144372868],["Crittenden",19.231563726502788],["Cumberland",15.04882251579552],["Daviess",28.576834222894927],["Edmonson",18.02662490211433],["Elliott",10.375797683762704],["Estill",13.59594961718943],["Fayette",49.17387833711339],["Fleming",26.069219634162394],["Floyd",17.808714518170312],["Franklin",33.64953689871527],["Fulton",15.077355836849506],["Gallatin",17.861129716454563],["Garrard",22.20682302771855],["Grant",16.698480568069023],["Graves",25.035502024930313],["Grayson",14.687290845541757],["Green",20.319709953856297],["Greenup",26.410789433656134],["Hancock",18.866681309027015],["Hardin",31.226874213951113],["Harlan",20.14958205015398],["Harrison",20.57985257985258],["Hart",13.848920863309353],["Henderson",28.442275382030562],["Henry",20.822837951301427],["Hickman",23.551975450709627],["Hopkins",24.297481574902456],["Jackson",11.719174361759913],["Jefferson",39.05016688960284],["Jessamine",36.80196024186855],["Johnson",15.049259173066481],["Kenton",37.37718434372351],["Knott",19.048667694340455],["Knox",11.483079166413514],["Larue",20.67024128686327],["Laurel",21.297368338705134],["Lawrence",17.21120186697783],["Lee",10.569993448351168],["Leslie",13.114236056249013],["Letcher",18.659406960488557],["Lewis",16.146250333600214],["Lincoln",16.928044280442805],["Livingston",19.38377535101404],["Logan",15.966624239852921],["Lyon",23.076923076923077],["McCracken",35.97482477471034],["McCreary",14.597315436241608],["McLean",21.41426282051282],["Madison",37.13768553155545],["Magoffin",14.859825990885236],["Marion",22.055674518201286],["Marshall",25.722195474241694],["Martin",13.828510468062408],["Mason",25.064571674558763],["Meade",23.1649312250932],["Menifee",15.231400117164618],["Mercer",25.919747124418297],["Metcalfe",13.022813688212928],["Monroe",19.556873691556177],["Montgomery",22.871638056848983],["Morgan",17.226061204343534],["Muhlenberg",19.539213953214308],["Nelson",25.299877082185397],["Nicholas",22.499350480644324],["Ohio",18.477392554721202],["Oldham",48.52425180598556],["Owen",24.253224711473184],["Owsley",12.926249008723236],["Pendleton",21.66562304320601],["Perry",19.712948517940717],["Pike",19.196538598460993],["Powell",17.236363636363635],["Pulaski",25.07716743084899],["Robertson",13.67112810707457],["Rockcastle",19.00763358778626],["Rowan",33.223715117917884],["Russell",25.07072905331882],["Scott",35.60151562993369],["Shelby",31.609645686428134],["Simpson",24.732591137306265],["Spencer",25.507574976811295],["Taylor",21.606511551426458],["Todd",16.583239140965606],["Trigg",27.006811807132365],["Trimble",23.42007434944238],["Union",26.206033643820383],["Warren",37.97024746102131],["Washington",24.50699477498736],["Wayne",14.332129963898916],["Webster",17.080152671755727],["Whitley",17.372109706969816],["Wolfe",14.657210401891252],["Woodford",39.39372015627261]]}