{"trend":[36.82,38.56,38.752802366381516,40.02625377639339],"levels":[[12085,0.016663702085823927],[34663,0.04779593755903308],[233665,0.3221947826134917],[154534,0.21308303997771738],[72415,0.09985121940793873],[140902,0.19428621855993072],[76965,0.10612509979606441]],"ethnicity":[0.39863570103079404,0.2562878648797503,0.35865150284321684,0.5347365702479339,0.29366231253023706],"path":[[40.02625377639339,41.452949935222435,42.87964609405148,44.306342252880526,45.73303841170957,47.15973457053862,48.58643072936766,50.01312688819671,51.439823047025754,52.8665192058548,54.293215364683846,55.71991152351289,57.14660768234194,58.57330384117098,60],[40.02625377639339,40.62813489043366,41.230016004473924,41.83189711851419,42.43377823255446,43.03565934659473,43.637540460634995,44.23942157467526,44.84130268871553,45.4431838027558,46.045064916796065,46.64694603083633,47.2488271448766,47.85070825891687,48.452589372957135]],"counties":[["Androscoggin",30.76342296274688],["Aroostook",29.09181245260323],["Cumberland",52.328308421785835],["Franklin",34.81941309255079],["Hancock",39.76892773198265],["Kennebec",37.26129413348089],["Knox",37.86912139992709],["Lincoln",39.647860862096735],["Oxford",28.023299987336962],["Penobscot",37.12028636672221],["Piscataquis",28.55805243445693],["Sagadahoc",40.9047595165254],["Somerset",26.94100182966824],["Waldo",33.155630377852596],["Washington",28.42746526987019],["York",40.282662973155226]]}