{"trend":[35.65,35.77,36.37950262629182,36.84311023614477],"levels":[[125617,0.024155006466743095],[345418,0.06642073942005833],[1500532,0.28853865450977934],[1312878,0.25245449724197155],[493381,0.09487267842384531],[899960,0.17305412181321092],[522668,0.10050430212439145]],"ethnicity":[0.3856401563092271,0.24150789729599662,0.21778375459722688,0.6781934659175362,0.22101751459549626],"path":[[36.84311023614477,38.49717379070586,40.15123734526695,41.80530089982804,43.45936445438913,45.11342800895022,46.767491563511314,48.421555118072405,50.075618672633496,51.72968222719459,53.38374578175568,55.03780933631677,56.69187289087786,58.34593644543895,60],[36.84311023614477,37.281652162866,37.72019408958724,38.158736016308474,38.59727794302971,39.035819869750945,39.47436179647218,39.912903723193416,40.35144564991465,40.78998757663589,41.22852950335712,41.66707143007836,42.105613356799594,42.54415528352083,42.982697210242065]],"counties":[["Alcona",22.852957333821646],["Alger",25.065079955373744],["Allegan",29.463352109825614],["Alpena",33.01294373958734],["Antrim",30.147058823529413],["Arenac",20.345963756177923],["Baraga",18.481262327416175],["Barry",28.294027373234364],["Bay",32.35648544333642],["Benzie",33.89279913373038],["Berrien",35.16985020794229],["Branch",23.109913000857738],["Calhoun",29.789731189637862],["Cass",27.789776817854573],["Charlevoix",34.92774566473989],["Cheboygan",27.404056617539762],["Chippewa",25.32016951520514],["Clare",20.905051010828064],["Clinton",41.27962206988626],["Crawford",26.133794387551532],["Delta",33.67933648806798],["Dickinson",31.1418434581131],["Eaton",38.24176579797842],["Emmet",40.19146984636551],["Genesee",30.348534751382683],["Gladwin",20.764777574649603],["Gogebic",32.44766505636071],["Grand Traverse",41.87159043222829],["Gratiot",22.15025906735751],["Hillsdale",22.52044453763892],["Houghton",40.93972412924356],["Huron",26.263099350155144],["Ingham",45.95806852217109],["Ionia",24.09905432652714],["Iosco",22.498470012239903],["Iron",28.87220499428758],["Isabella",35.972187908093034],["Jackson",29.01395704987644],["Kalamazoo",44.82403085041608],["Kalkaska",17.055096122865425],["Kent",41.51245880530607],["Keweenaw",30.702598652550527],["Lake",16.932801064537593],["Lapeer",29.030869511745173],["Leelanau",48.75479782201196],["Lenawee",29.597722817071332],["Livingston",43.84852723791383],["Luce",22.631166797180896],["Mackinac",28.592789499916933],["Macomb",35.093069194304505],["Manistee",28.121904761904762],["Marquette",40.24014420281428],["Mason",31.414209115281505],["Mecosta",32.58902275769746],["Menominee",25.835206573133867],["Midland",45.616310555896874],["Missaukee",23.872155728002102],["Monroe",29.16040161032158],["Montcalm",23.508510002985965],["Montmorency",21.710656876364357],["Muskegon",28.59353583587567],["Newaygo",23.067748091603058],["Oakland",53.61313667286387],["Oceana",24.499741563907556],["Ogemaw",21.13995183302114],["Ontonagon",31.30790190735695],["Osceola",23.93297765921974],["Oscoda",19.13142857142857],["Otsego",28.937728937728934],["Ottawa",40.487145413904614],["Presque Isle",26.20382348713526],["Roscommon",25.580278533696173],["Saginaw",30.91610885816192],["St. Clair",27.376473113905746],["St. Joseph",24.242424242424242],["Sanilac",20.97547854933429],["Schoolcraft",23.54774093033608],["Shiawassee",27.334640661437355],["Tuscola",25.082910321489003],["Van Buren",27.505856244606093],["Washtenaw",60.50547409304551],["Wayne",30.017989620973722],["Wexford",26.981341755863603]]}