{"trend":[34.9,34.91,35.823389446855536,36.35127379952123],"levels":[[80462,0.025511501450561993],[244457,0.07750820399816104],[927865,0.29419141077062094],[754665,0.23927614578544365],[256747,0.08140490496044643],[570335,0.18083197260578004],[319419,0.10127586042898587]],"ethnicity":[0.3696816149573229,0.24870187746183262,0.22836093839803542,0.6381059751972943,0.31664601404378356],"path":[[36.35127379952123,38.04046852812686,39.729663256732486,41.418857985338114,43.10805271394374,44.79724744254937,46.486442171155,48.175636899760626,49.864831628366254,51.55402635697188,53.24322108557751,54.93241581418314,56.621610542788765,58.31080527139439,60],[36.35127379952123,36.919076488276296,37.48687917703136,38.05468186578643,38.622484554541494,39.19028724329656,39.758089932051625,40.32589262080669,40.89369530956176,41.46149799831682,42.02930068707189,42.597103375826954,43.16490606458202,43.732708753337086,44.30051144209215]],"counties":[["Adair",36.71897289586305],["Andrew",27.7808645405045],["Atchison",33.056994818652846],["Audrain",19.80953820572897],["Barry",18.964559493389622],["Barton",25.76298701298701],["Bates",19.090483984101006],["Benton",20.600145363928977],["Bollinger",15.036061461273126],["Boone",54.764633910747634],["Buchanan",26.833787465940052],["Butler",23.949618042924698],["Caldwell",23.299141720745236],["Callaway",30.844594594594593],["Camden",29.018338727076593],["Cape Girardeau",35.25463770839486],["Carroll",24.555084745762713],["Carter",24.669461464043856],["Cass",32.598693113714575],["Cedar",19.643387815750373],["Chariton",25.34264287561417],["Christian",36.55868637761682],["Clark",24.391548542391014],["Clay",41.93577951076451],["Clinton",28.160813308687615],["Cole",40.43878068206502],["Cooper",28.024017467248907],["Crawford",17.116337607173758],["Dade",18.762425447316105],["Dallas",19.162024141132775],["Daviess",24.84154071184788],["DeKalb",18.801546391752577],["Dent",20.787301587301585],["Douglas",15.031345677212423],["Dunklin",16.75],["Franklin",27.945307413263883],["Gasconade",25.509811465948445],["Gentry",21.254355400696863],["Greene",37.092467779878476],["Grundy",26.96842105263158],["Harrison",16.811051276047763],["Henry",23.6200592025074],["Hickory",15.989793748671062],["Holt",23.575331772053083],["Howard",30.77699293642785],["Howell",23.564316604646486],["Iron",18.33785004516712],["Jackson",35.960837760409426],["Jasper",27.918539708486584],["Jefferson",29.50708252865751],["Johnson",36.50124780100642],["Knox",25.532969757064947],["Laclede",19.596147532012697],["Lafayette",25.827853110632603],["Lawrence",22.224520399193338],["Lewis",19.679773003648158],["Lincoln",21.703575047040093],["Linn",21.718377088305488],["Livingston",28.991541964866627],["McDonald",14.406418025091748],["Macon",25.353403141361255],["Madison",18.46876011654257],["Maries",24.282322469242395],["Marion",26.47018505825908],["Mercer",24.074074074074073],["Miller",18.791268546570343],["Mississippi",15.588158239455069],["Moniteau",23.83621740190105],["Monroe",21.46793035045184],["Montgomery",22.20282494842089],["Morgan",22.405336472434765],["New Madrid",18.52989352989353],["Newton",28.874705621352263],["Nodaway",32.946758039008955],["Oregon",16.109698510715585],["Osage",27.830054177359568],["Ozark",15.883894376133844],["Pemiscot",17.475512021371326],["Perry",22.55174544331171],["Pettis",28.635240448583918],["Phelps",35.41054659282446],["Pike",18.156199677938808],["Platte",49.126756034326824],["Polk",25.624621186611893],["Pulaski",32.612899067589055],["Putnam",24.383769434963973],["Ralls",24.015110631408525],["Randolph",20.726228180010313],["Ray",23.292525773195877],["Reynolds",13.307532003572492],["Ripley",15.536322360953461],["St. Charles",46.91927240470554],["St. Clair",21.37203166226913],["Ste. Genevieve",22.343182996371176],["St. Francois",24.48121144139092],["St. Louis",50.65154778080139],["Saline",24.62843154397622],["Schuyler",22.909090909090907],["Scotland",28.833551769331585],["Scott",18.79002857424377],["Shannon",17.815164784512557],["Shelby",23.97194772075231],["Stoddard",18.776150627615063],["Stone",22.578703425028593],["Sullivan",18.411241755090334],["Taney",26.089678378589873],["Texas",18.030914490215487],["Vernon",21.742475238003657],["Warren",25.761526608984237],["Washington",12.753793153998387],["Wayne",18.56049455401825],["Webster",20.147884283246977],["Worth",25.024826216484612],["Wright",19.199479336153598],["St. Louis city",36.825860485283464]]}