{"trend":[40.46,41.22,41.99080392018674,41.48650290865093],"levels":[[31338,0.033115822955358414],[43956,0.046449649429629675],[241306,0.2549954296402361],[237122,0.2505740688882666],[104668,0.11060587647876235],[197864,0.2090889397293713],[90061,0.0951702128783756]],"ethnicity":[0.44925813405271847,0.24518118735543562,0.12909887533837525,0.5322731524789522,0.1900179416082205],"path":[[41.48650290865093,42.808895558033,44.131288207415075,45.45368085679715,46.77607350617922,48.0984661555613,49.42085880494337,50.743251454325446,52.06564410370752,53.388036753089594,54.71042940247167,56.03282205185374,57.355214701235816,58.67760735061789,60],[41.48650290865093,41.995564614301884,42.50462631995284,43.0136880256038,43.522749731254756,44.03181143690571,44.54087314255667,45.04993484820763,45.558996553858584,46.06805825950954,46.5771199651605,47.086181670811456,47.59524337646241,48.10430508211337,48.61336678776433]],"counties":[["Adams",37.42782152230971],["Antelope",34.10054512416717],["Arthur",48.14814814814815],["Banner",43.33333333333333],["Blaine",29.807692307692307],["Boone",28.838951310861425],["Box Butte",32.36240474174428],["Boyd",23.795476892822023],["Brown",34.31506849315068],["Buffalo",44.506654428636985],["Burt",37.17261904761905],["Butler",33.087885985748215],["Cass",37.41973146526562],["Cedar",32.953466286799625],["Chase",33.88141504733433],["Cherry",38.34344876829704],["Cheyenne",40.121861152141804],["Clay",35.31414422779325],["Colfax",22.253296044746303],["Cuming",35.10297482837529],["Custer",35.22117342217287],["Dakota",19.9885888170407],["Dawes",47.13779128672746],["Dawson",22.561330561330564],["Deuel",33.68869936034115],["Dixon",29.926273458445042],["Dodge",29.619189741889127],["Douglas",45.82548488683521],["Dundy",42.32649071358749],["Fillmore",39.61739130434783],["Franklin",31.52173913043478],["Frontier",39.35772964899179],["Furnas",30.78529657477026],["Gage",35.25589675122385],["Garden",33.92504930966469],["Garfield",28.363988383349465],["Gosper",33.01526717557252],["Grant",29.737609329446062],["Greeley",32.85351397121084],["Hall",28.44994727711827],["Hamilton",38.70830677714043],["Harlan",37.44266055045871],["Hayes",39.63782696177062],["Hitchcock",35.79661016949152],["Holt",34.73583093179635],["Hooker",46.30681818181818],["Howard",26.97224820704708],["Jefferson",33.50799056850929],["Johnson",23.009741350352705],["Kearney",37.908689248895435],["Keith",33.80543301602044],["Keya Paha",36.75675675675676],["Kimball",31.83974696889826],["Knox",33.69330453563715],["Lancaster",50.268600777345924],["Lincoln",35.56407389660864],["Logan",32.33695652173913],["Loup",33.23076923076923],["McPherson",36.486486486486484],["Madison",38.525592499854426],["Merrick",27.648114901256733],["Morrill",32.93925805136567],["Nance",26.483050847457626],["Nemaha",36.41816623821765],["Nuckolls",26.724931002759888],["Otoe",38.833480621133695],["Pawnee",27.70562770562771],["Perkins",33.55481727574751],["Phelps",36.26253815961622],["Pierce",32.877835474173274],["Platte",32.61765073024591],["Polk",35.46511627906977],["Red Willow",38.508287292817684],["Richardson",26.105006105006108],["Rock",40.27617951668584],["Saline",28.830313014827016],["Sarpy",47.921888177509594],["Saunders",39.91991805568489],["Scotts Bluff",32.99714974786231],["Seward",47.55622565648951],["Sheridan",32.03125],["Sherman",31.889763779527563],["Sioux",42.4863387978142],["Stanton",36.22368834432925],["Thayer",37.179487179487175],["Thomas",38.08353808353809],["Thurston",31.52246814218645],["Valley",35.15272909364046],["Washington",40.61201360030223],["Wayne",45.6766917293233],["Webster",31.558726673984633],["Wheeler",39],["York",37.59497369959088]]}