{"trend":[30.07,30.37,29.45657027469285,29.957657069842046],"levels":[[89517,0.0608412853763967],[142787,0.09704686947774788],[420529,0.2858174972133866],[377714,0.2567177772340483],[111535,0.07580607889514178],[225073,0.15297352037626077],[104165,0.07079697142701792]],"ethnicity":[0.35550824716447815,0.25717605004468275,0.12523150369097563,0.4430252020084728,0.20788213627992633],"path":[[29.957657069842046,32.10353870771047,34.2494203455789,36.395301983447325,38.54118362131575,40.68706525918418,42.83294689705261,44.978828534921035,47.12471017278946,49.27059181065789,51.41647344852632,53.562355086394746,55.70823672426317,57.8541183621316,60],[29.957657069842046,30.35171605540866,30.74577504097527,31.139834026541884,31.533893012108496,31.92795199767511,32.32201098324172,32.71606996880833,33.110128954374936,33.504187939941545,33.898246925508154,34.29230591107476,34.68636489664137,35.08042388220798,35.47448286777459]],"counties":[["Churchill",26.596751301056617],["Clark",29.745151222941615],["Douglas",36.961660189896236],["Elko",26.440823662720277],["Esmeralda",21.146245059288535],["Eureka",33.915724563206574],["Humboldt",21.255220679534936],["Lander",18.135593220338983],["Lincoln",22.276567363272562],["Lyon",23.050607964897928],["Mineral",18.5334407735697],["Nye",16.32597313908491],["Pershing",18.01374733349135],["Storey",28.473344103392566],["Washoe",35.497848951558126],["White Pine",23.444338725023787],["Carson City",29.08158064625735]]}