{"trend":[46.02,44.64,45.845934520523116,45.775660380720296],"levels":[[12515,0.01715283498054459],[35833,0.049112068386564456],[200883,0.2753266439789643],[146399,0.20065184884672368],[75869,0.10398469333910805],[164908,0.2260199529342107],[93210,0.12775195753388421]],"ethnicity":[0.45833179757473,0.3131991051454139,0.3032077082571045,0.6397812713602188,0.3202702702702702],"path":[[45.775660380720296,46.79168463924027,47.80770889776025,48.82373315628023,49.839757414800204,50.85578167332018,51.87180593184016,52.887830190360134,53.90385444888011,54.91987870740009,55.935902965920064,56.95192722444004,57.96795148296002,58.983975741479995,60],[45.775660380720296,46.25262903444502,46.72959768816975,47.20656634189447,47.6835349956192,48.16050364934392,48.63747230306865,49.11444095679337,49.5914096105181,50.068378264242824,50.54534691796755,51.022315571692275,51.499284225417,51.976252879141725,52.45322153286645]],"counties":[["Belknap",40.125786163522015],["Carroll",40.919829294314894],["Cheshire",40.11642432418928],["Coos",28.832476200897254],["Grafton",45.49145623900819],["Hillsborough",47.51734779428816],["Merrimack",46.05096714768192],["Rockingham",50.30583939875294],["Strafford",44.582266953477045],["Sullivan",35.50907362242157]]}