{"trend":[33.41,33.88,33.084164053954154,33.9051598827032],"levels":[[60271,0.056268666052361575],[101673,0.09492134000666587],[284480,0.26558892533018896],[261537,0.24416946978375154],[89110,0.08319259398261086],[161309,0.15059717363641542],[112749,0.10526183120800575]],"ethnicity":[0.48565988515914305,0.31049577522141913,0.20051943321944535,0.5770042869025529,0.20178092553118337],"path":[[33.9051598827032,35.769077033938686,37.63299418517417,39.49691133640965,41.360828487645136,43.22474563888062,45.0886627901161,46.95257994135159,48.81649709258707,50.680414243822554,52.54433139505804,54.40824854629352,56.272165697529005,58.13608284876449,60],[33.9051598827032,34.14410530611894,34.38305072953467,34.62199615295041,34.860941576366145,35.09988699978188,35.338832423197616,35.57777784661335,35.81672327002909,36.05566869344482,36.29461411686056,36.53355954027629,36.77250496369203,37.011450387107764,37.2503958105235]],"counties":[["Bernalillo",40.00678878880021],["Catron",25.20802741067058],["Chaves",24.70747947507919],["Cibola",15.920045364332292],["Colfax",27.760821309655938],["Curry",30.068278438613817],["De Baca",30.99526066350711],["Do&#241;a Ana",33.157015022727734],["Eddy",25.450983291438714],["Grant",34.715061524713],["Guadalupe",16.516023007395233],["Harding",25.79787234042553],["Hidalgo",23.428798727128083],["Lea",21.885906466146327],["Lincoln",33.183072677092916],["Los Alamos",72.14607401605639],["Luna",18.817061275161834],["McKinley",19.032780008389764],["Mora",25.945144551519643],["Otero",29.215273793587045],["Quay",21.92024949877478],["Rio Arriba",24.12779673871824],["Roosevelt",29.43763017819949],["Sandoval",38.497309312119796],["San Juan",25.102291643978404],["San Miguel",29.50389933809555],["Santa Fe",45.61473221492345],["Sierra",26.517633455386395],["Socorro",26.796183469364298],["Taos",37.12075492401382],["Torrance",20.21788990825688],["Union",22.13875386654883],["Valencia",24.154762208990316]]}
