{"trend":[44.62,44.53,45.29824426334251,45.06403409037618],"levels":[[205082,0.042744696305729565],[255693,0.053293412549618745],[1304124,0.2718150999357002],[870838,0.18150645030518972],[326716,0.06809654771370838],[1160667,0.24191473862690152],[674715,0.14062905456315192]],"ethnicity":[0.5040350465373842,0.3021024777003641,0.216911241350865,0.7469083866461352,0.29756838905775074],"path":[[45.06403409037618,46.130888798206456,47.19774350603673,48.264598213867,49.33145292169728,50.39830762952755,51.465162337357825,52.5320170451881,53.59887175301837,54.665726460848646,55.73258116867892,56.79943587650919,57.86629058433947,58.93314529216974,60],[45.06403409037618,45.58685351367726,46.10967293697834,46.63249236027942,47.1553117835805,47.67813120688158,48.20095063018266,48.72377005348374,49.24658947678482,49.7694089000859,50.29222832338698,50.81504774668806,51.33786716998914,51.86068659329022,52.3835060165913]],"counties":[["Atlantic",32.37846687079164],["Bergen",55.661185042756664],["Burlington",45.67184649106695],["Camden",37.63657513942895],["Cape May",36.63740018274999],["Cumberland",21.3340945855933],["Essex",39.51367853029991],["Gloucester",39.518503215143454],["Hudson",43.45420069932536],["Hunterdon",59.38562793451471],["Mercer",47.52765872874316],["Middlesex",49.595581296459265],["Monmouth",51.10488294977646],["Morris",59.55781136131089],["Ocean",36.06290044980547],["Passaic",33.66640198473456],["Salem",29.51697425381636],["Somerset",60.78385758517361],["Sussex",42.39455428578182],["Union",40.32911707549845],["Warren",40.94639133651712]]}