{"trend":[45.15,43.67,44.942311762949046,44.71716296480587],"levels":[[3611,0.010326318528749831],[14110,0.040350139695558056],[87515,0.25026523568084785],[88082,0.2518866764467856],[53254,0.15228960590696305],[76848,0.21976098762042845],[26269,0.07512103612066723]],"ethnicity":[0.4683990155655703,0.30604764813683566,0.247305834262356,0.6316207627118644,0.28664259927797836],"path":[[44.71716296480587,45.80879418160545,46.900425398405034,47.99205661520462,49.0836878320042,50.175319048803786,51.26695026560337,52.358581482402954,53.45021269920254,54.54184391600212,55.633475132801706,56.72510634960129,57.816737566400874,58.90836878320046,60],[44.71716296480587,45.39653246155371,46.07590195830155,46.75527145504939,47.43464095179723,48.114010448545066,48.793379945292905,49.472749442040744,50.15211893878858,50.83148843553642,51.51085793228426,52.1902274290321,52.86959692577994,53.548966422527776,54.228335919275615]],"counties":[["Adams",33.98470688190314],["Barnes",43.10221586847748],["Benson",26.749663526244955],["Billings",36.293436293436294],["Bottineau",43.74052743255532],["Bowman",39.6484375],["Burke",36.18042226487524],["Burleigh",52.05191652271347],["Cass",53.042478408007],["Cavalier",43.26450344149459],["Dickey",44.36274509803922],["Divide",41.18705035971223],["Dunn",35.839999999999996],["Eddy",38.64406779661017],["Emmons",35.71428571428572],["Foster",43.89799635701275],["Golden Valley",41.992433795712486],["Grand Forks",48.0974802748791],["Grant",36.46677471636953],["Griggs",33.01358912869704],["Hettinger",35.79545454545455],["Kidder",31.650641025641022],["LaMoure",42.85714285714286],["Logan",28.93289328932893],["McHenry",26.32515119174671],["McIntosh",35.691573926868045],["McKenzie",40.7754846779237],["McLean",38.39061190276614],["Mercer",43.11427375470908],["Morton",40.352561904108654],["Mountrail",35.81706063720452],["Nelson",47.229551451187334],["Oliver",32],["Pembina",36.121180735370274],["Pierce",35.98848368522073],["Ramsey",40.6028061666378],["Ransom",33.001422475106686],["Renville",35.84313725490196],["Richland",44.849624060150376],["Rolette",38.68287428835205],["Sargent",35.2078239608802],["Sheridan",25.948406676783005],["Sioux",26.78475577026302],["Slope",41.463414634146346],["Stark",38.72846800366148],["Steele",35.324947589098535],["Stutsman",37.246629368063836],["Towner",36.81318681318682],["Traill",48.425],["Walsh",32.691965081061824],["Ward",41.89550344090332],["Wells",38.15789473684211],["Williams",39.378550525047345]]}