{"trend":[31.31,31.74,31.728647268467338,32.96285593957596],"levels":[[76753,0.039324092660848464],[159346,0.08164028597104425],[590231,0.30240249287070536],[482105,0.24700456910164229],[153067,0.07842326542699428],[340530,0.17446918392504174],[149774,0.0767361100437236]],"ethnicity":[0.34796925662117334,0.2773285721603091,0.15445223812988154,0.5157534246575343,0.25804876837915885],"path":[[32.96285593957596,34.89408051532053,36.825305091065104,38.756529666809676,40.68775424255425,42.61897881829882,44.55020339404339,46.481427969787966,48.41265254553254,50.34387712127711,52.27510169702168,54.206326272766255,56.13755084851083,58.0687754242554,60],[32.96285593957596,33.392099182782715,33.82134242598947,34.25058566919623,34.67982891240298,35.10907215560974,35.53831539881649,35.96755864202325,36.396801885230005,36.82604512843676,37.255288371643516,37.68453161485027,38.11377485805703,38.54301810126378,38.97226134447054]],"counties":[["Adair",15.76398062527521],["Alfalfa",23.66436203645506],["Atoka",19.05526562290914],["Beaver",25.661559888579387],["Beckham",23.660063459394564],["Blaine",24.812414733969987],["Bryan",30.398839738941263],["Caddo",18.86371322286101],["Canadian",35.95869871784481],["Carter",24.134234828496044],["Cherokee",29.611433675748103],["Choctaw",19.166555362628554],["Cimarron",31.529209621993125],["Cleveland",40.37154924404726],["Coal",15.638002773925104],["Comanche",28.173073808984036],["Cotton",23.450905624404196],["Craig",22.514023457419686],["Creek",23.760187871252935],["Custer",29.791700306798],["Delaware",21.543159017108515],["Dewey",27.825342465753423],["Ellis",30.49305887984682],["Garfield",30.664327562808253],["Garvin",20.60376819868684],["Grady",24.858611825192803],["Grant",31.28888888888889],["Greer",21.540697674418603],["Harmon",25.233022636484687],["Harper",20.384615384615383],["Haskell",23.610887421484943],["Hughes",17.812238055322716],["Jackson",32.80152671755725],["Jefferson",15.32639545884579],["Johnston",31.216341689879293],["Kay",29.614595609096067],["Kingfisher",29.091620986687545],["Kiowa",24.45755213819254],["Latimer",30.536659108087683],["Le Flore",21.454205024184738],["Lincoln",20.181237888977545],["Logan",30.630882489982294],["Love",20.092475830180746],["McClain",27.82468614598378],["McCurtain",20.19633664551658],["McIntosh",20.65162400080947],["Major",21.212121212121215],["Marshall",21.794871794871796],["Mayes",22.07118497526298],["Murray",25.19568749076946],["Muskogee",26.524712292211042],["Noble",27.449324324324326],["Nowata",20.140337568746446],["Okfuskee",22.307692307692307],["Oklahoma",36.551798088651196],["Okmulgee",26.124818577648764],["Osage",27.81172119945333],["Ottawa",25.560048783618974],["Pawnee",26.041788257266255],["Payne",42.387314196304985],["Pittsburg",25.8712858978078],["Pontotoc",33.386643136822364],["Pottawatomie",26.22740491532189],["Pushmataha",19.44934698199788],["Roger Mills",28.65655471289274],["Rogers",34.2729606070751],["Seminole",21.951809170763156],["Sequoyah",21.225626740947074],["Stephens",23.408016262318267],["Texas",25.494505494505496],["Tillman",23.77969198642652],["Tulsa",39.57608744031079],["Wagoner",31.794938690320897],["Washington",35.38629880026574],["Washita",23.439985858228745],["Woods",34.39725018413945],["Woodward",23.522651087060623]]}