{"trend":[38.56,39.75,38.55440859656739,39.00961593166679],"levels":[[81400,0.03891696105387513],[128267,0.061323855571221136],[498721,0.23843618837530292],[567307,0.27122683568293293],[186128,0.08898693030756352],[404798,0.19353203932047353],[225012,0.10757718968863085]],"ethnicity":[0.4153663818016925,0.3435586333199794,0.1579596186809031,0.5215683175470484,0.22174801362088536],"path":[[39.00961593166679,40.50892907940487,42.00824222714296,43.50755537488104,45.00686852261913,46.506181670357215,48.0054948180953,49.504807965833386,51.00412111357147,52.50343426130956,54.00274740904764,55.50206055678573,57.001373704523814,58.5006868522619,60],[39.00961593166679,39.41713065743523,39.82464538320367,40.23216010897212,40.63967483474056,41.047189560509004,41.45470428627745,41.86221901204589,42.269733737814335,42.67724846358278,43.08476318935122,43.492277915119665,43.89979264088811,44.30730736665655,44.714822092424996]],"counties":[["Baker",32.38993710691824],["Benton",56.962568464625555],["Clackamas",41.65361606925733],["Clatsop",31.440387331047006],["Columbia",28.443755077923036],["Coos",26.944706204213148],["Crook",24.233485295432196],["Curry",25.76882290562036],["Deschutes",41.52837770546478],["Douglas",26.691647264260773],["Gilliam",32.07190160832545],["Grant",32.14756258234519],["Harney",28.11023622047244],["Hood River",34.92668378759009],["Jackson",31.641125397352567],["Jefferson",24.528301886792452],["Josephine",29.890638144453792],["Klamath",31.098772647574513],["Lake",25.986994890849978],["Lane",38.34168515019579],["Lincoln",30.86626746506986],["Linn",27.70666843518918],["Malheur",22.510266940451743],["Marion",30.61234725801092],["Morrow",20.01737619461338],["Multnomah",47.291145374654604],["Polk",38.90432056324084],["Sherman",34.158926728586174],["Tillamook",23.751486325802613],["Umatilla",25.917437099224845],["Union",33.08968010689303],["Wallowa",33.077765607886086],["Wasco",32.115995968054584],["Washington",49.8765239190323],["Wheeler",24.315068493150687],["Yamhill",31.068829774543723]]}