{"trend":[37.93,37.83,38.577365964034634,38.569467946024076],"levels":[[158165,0.023495142544724554],[422982,0.06283325883635875],[2366755,0.3515774418704489],[1187489,0.17639947728822694],[589625,0.08758779390467683],[1258688,0.18697596800388364],[748113,0.11113091755168032]],"ethnicity":[0.40421995768980823,0.23169032821239488,0.19725309721811055,0.6034485337002198,0.2439275157434777],"path":[[38.569467946024076,40.10022023559379,41.6309725251635,43.16172481473321,44.692477104302924,46.223229393872636,47.75398168344235,49.28473397301206,50.81548626258177,52.34623855215148,53.876990841721195,55.40774313129091,56.93849542086062,58.46924771043033,60],[38.569467946024076,39.107576778255975,39.645685610487874,40.18379444271977,40.72190327495167,41.26001210718357,41.79812093941547,42.33622977164737,42.874338603879266,43.412447436111165,43.950556268343064,44.48866510057496,45.02677393280686,45.56488276503876,46.10299159727066]],"counties":[["Adams",28.238864488888055],["Allegheny",49.58048355878671],["Armstrong",25.328038210749455],["Beaver",35.91829993393525],["Bedford",22.819895247925988],["Berks",32.41449261687975],["Blair",29.892339794961742],["Bradford",26.916722755919967],["Bucks",46.264567370257765],["Butler",44.18297440938835],["Cambria",30.921761334166742],["Cameron",23.63970588235294],["Carbon",28.8178388039377],["Centre",49.793884484711214],["Chester",58.040030467801415],["Clarion",28.921517940233688],["Clearfield",25.69146643069453],["Clinton",27.70975298126065],["Columbia",28.824779836015793],["Crawford",27.504482049936595],["Cumberland",43.92815243335086],["Dauphin",38.33347081305507],["Delaware",45.982417673627204],["Elk",28.043940875366655],["Erie",34.15993956097766],["Fayette",24.94177515111536],["Forest",14.305783188948723],["Franklin",28.604611710665395],["Fulton",18.773995392884565],["Greene",25.632793597617717],["Huntingdon",23.132016255582823],["Indiana",31.760185931793387],["Jefferson",23.719229624590792],["Juniata",20.058391856703224],["Lackawanna",39.01735406806401],["Lancaster",31.690284217278904],["Lawrence",31.885903476378452],["Lebanon",28.503021986043386],["Lehigh",39.88844300015267],["Luzerne",33.15118505393095],["Lycoming",32.54615359119684],["McKean",25.828044857863166],["Mercer",30.890994938686774],["Mifflin",20.385825120570352],["Monroe",34.69112550011702],["Montgomery",55.799407210876154],["Montour",37.47265340139598],["Northampton",39.69156416452475],["Northumberland",24.750029876907142],["Perry",24.037215875633024],["Philadelphia",30.904195356772895],["Pike",33.30617831074036],["Potter",24.759238521836508],["Schuylkill",26.53957852408966],["Snyder",28.137909930126998],["Somerset",25.695724072761635],["Sullivan",25.16778523489933],["Susquehanna",26.967747506584345],["Tioga",29.36349838740277],["Union",28.880836002022587],["Venango",27.571482253270933],["Warren",28.70183917304336],["Washington",39.955077023807355],["Wayne",27.568397543271917],["Westmoreland",39.83845141813954],["Wyoming",27.672083498480642],["York",32.730854343349066]]}