{"trend":[34.44,34.86,34.809485998146286,34.17085938724856],"levels":[[94460,0.038466472148865165],[234855,0.0956388240156863],[747501,0.30440108403291194],[539714,0.21978502593005098],[231829,0.09440656120896954],[404636,0.16477788931217663],[202650,0.08252414335133947]],"ethnicity":[0.4051694297857026,0.22321742184755883,0.17430527024310077,0.5440676537521423,0.20171349376338668],"path":[[34.17085938724856,36.015798002445095,37.86073661764163,39.70567523283816,41.55061384803469,43.395552463231226,45.24049107842776,47.08542969362429,48.930368308820825,50.77530692401736,52.62024553921389,54.46518415441042,56.310122769606956,58.15506138480349,60],[34.17085938724856,34.62576786807582,35.080676348903076,35.53558482973033,35.99049331055759,36.445401791384846,36.9003102722121,37.35521875303936,37.810127233866616,38.26503571469387,38.71994419552113,39.17485267634839,39.62976115717564,40.0846696380029,40.53957811883016]],"counties":[["Abbeville",26.033950617283953],["Aiken",32.63426436065731],["Allendale",18.68131868131868],["Anderson",30.085053683100824],["Bamberg",35.93329057087877],["Barnwell",21.194439677363995],["Beaufort",42.17807687330141],["Berkeley",29.770927811076227],["Calhoun",31.391664635632466],["Charleston",47.74693851517986],["Cherokee",20.56258402564721],["Chester",19.890291983315237],["Chesterfield",20.68755085435313],["Clarendon",21.559815689174584],["Colleton",21.0789961428643],["Darlington",24.580511402902555],["Dillon",15.723814229249012],["Dorchester",36.92282321899736],["Edgefield",25.729234793982997],["Fairfield",25.725563036916647],["Florence",31.429687391019293],["Georgetown",30.126436043899623],["Greenville",40.93061586472896],["Greenwood",32.72140695483355],["Hampton",18.678390620836666],["Horry",33.36928781918419],["Jasper",15.735759493670885],["Kershaw",28.292383292383292],["Lancaster",27.654917352252998],["Laurens",23.92100744132799],["Lee",16.025084418716833],["Lexington",38.91888057319193],["McCormick",27.785714285714285],["Marion",20.510186611881526],["Marlboro",12.934682612695493],["Newberry",30.5353807843951],["Oconee",32.21257851799724],["Orangeburg",25.734268781593165],["Pickens",34.27563706904153],["Richland",46.59563186466355],["Saluda",21.453796350794583],["Spartanburg",32.54609656140919],["Sumter",28.82045429444465],["Union",22.651105170502703],["Williamsburg",18.78830612355589],["York",39.991997599279784]]}