{"trend":[39.36,38.56,40.76584184215098,39.424230595143726],"levels":[[10049,0.024065829587391604],[19690,0.04715456110814416],[123946,0.296831855312851],[99257,0.23770544804017602],[48061,0.11509879946259606],[83607,0.20022607367032041],[32953,0.0789174328185208]],"ethnicity":[0.4186488899734348,0.2912621359223301,0.2364259091366979,0.5383172561629154,0.2231957181331606],"path":[[39.424230595143726,40.893928409776315,42.363626224408904,43.83332403904149,45.30302185367408,46.77271966830667,48.24241748293926,49.71211529757185,51.18181311220444,52.65151092683703,54.121208741469616,55.590906556102205,57.060604370734794,58.53030218536738,60],[39.424230595143726,39.99517504406207,40.56611949298042,41.13706394189877,41.70800839081711,42.27895283973546,42.84989728865381,43.420841737572154,43.9917861864905,44.56273063540885,45.133675084327194,45.70461953324554,46.27556398216389,46.846508431082235,47.41745288000058]],"counties":[["Aurora",32.78566094100075],["Beadle",31.32027355975426],["Bennett",32.74771609276177],["Bon Homme",29.148706896551726],["Brookings",51.5064126887759],["Brown",40.6645921315848],["Brule",36.13070924619383],["Buffalo",18.54066985645933],["Butte",29.70832528491404],["Campbell",36.2116991643454],["Charles Mix",29.20116902094496],["Clark",27.363184079601993],["Clay",53.57142857142857],["Codington",37.76491862567812],["Corson",26.427406199021206],["Custer",43.2668608559265],["Davison",42.21100241927001],["Day",29.875666074600357],["Deuel",28.940217391304348],["Dewey",22.51955537258131],["Douglas",30.67137809187279],["Edmunds",37.729124236252545],["Fall River",33.78113630002799],["Faulk",36.56006914433881],["Grant",30.897097625329817],["Gregory",30.526315789473685],["Haakon",31.963001027749232],["Hamlin",31.209950998869203],["Hand",33.9782345828295],["Hanson",37.531486146095716],["Harding",39.49704142011834],["Hughes",48.618842558554775],["Hutchinson",41.35046310128473],["Hyde",27.84256559766764],["Jackson",27.09251101321586],["Jerauld",23.695198329853863],["Jones",36.8421052631579],["Kingsbury",36.27118644067797],["Lake",40.53051381932851],["Lawrence",40.37542948127043],["Lincoln",52.396477263104416],["Lyman",27.75881683731513],["McCook",35.60714285714286],["McPherson",27.556818181818183],["Marshall",34.60829493087558],["Meade",34.5540682809445],["Mellette",28.37837837837838],["Miner",38.56427378964941],["Minnehaha",42.90397712847571],["Moody",36.087990487514865],["Pennington",40.2980208652961],["Perkins",30.019620667102686],["Potter",38.03680981595092],["Roberts",31.460204721119702],["Sanborn",34.49744463373084],["Shannon",22.740419378163416],["Spink",32.691092861655086],["Stanley",40.96459096459096],["Sully",37.74104683195592],["Todd",23.31593338304748],["Tripp",32.89013296011197],["Turner",36.887947269303204],["Union",45.396452790818984],["Walworth",36.29373317954633],["Yankton",35.51917133071589],["Ziebach",24.549918166939445]]}