{"trend":[31.27,31.84,31.855872145465337,32.14821633684775],"levels":[[133410,0.039061779449832364],[294093,0.08610895662798553],[1135036,0.3323328528567568],[754843,0.22101424769694783],[234125,0.06855062674231319],[568335,0.16640563993419138],[295517,0.08652589669197294]],"ethnicity":[0.3383706109702779,0.24501848279112237,0.15506901890660096,0.5520848546808821,0.2252847700745324],"path":[[32.14821633684775,34.137629455644344,36.127042574440935,38.116455693237526,40.10586881203412,42.09528193083071,44.0846950496273,46.07410816842389,48.06352128722048,50.05293440601707,52.042347524813664,54.031760643610255,56.021173762406846,58.01058688120344,60],[32.14821633684775,32.62859900953045,33.10898168221314,33.589364354895835,34.06974702757853,34.55012970026122,35.03051237294392,35.51089504562661,35.991277718309306,36.471660390992,36.952043063674694,37.43242573635739,37.91280840904008,38.393191081722776,38.87357375440547]],"counties":[["Anderson",29.967418483065188],["Bedford",19.79412395453571],["Benton",17.182680223923228],["Bledsoe",12.494805374705638],["Blount",28.66772703173521],["Bradley",27.485493230174082],["Campbell",14.43593764412877],["Cannon",16.589295466957946],["Carroll",21.29054520358868],["Carter",23.449220533559455],["Cheatham",28.19129646418858],["Chester",20.449970396684428],["Claiborne",19.880635067794646],["Clay",16.472339369883404],["Cocke",14.433517721778324],["Coffee",26.927847085430802],["Crockett",17.920858484238767],["Cumberland",22.414740466683764],["Davidson",42.467658204028396],["Decatur",19.259135098893733],["DeKalb",17.05],["Dickson",22.02674703333961],["Dyer",23.0719794344473],["Fayette",29.064369466379514],["Fentress",17.6489226869455],["Franklin",25.503939672257943],["Gibson",22.716981132075468],["Giles",20.014277370367967],["Grainger",12.914950327114127],["Greene",21.5410558381157],["Grundy",10.185056351746208],["Hamblen",23.327157306442302],["Hamilton",37.129515714125944],["Hancock",10.512056353291792],["Hardeman",14.503115775664153],["Hardin",14.878587196467993],["Hawkins",20.889076503442006],["Haywood",17.940638341126245],["Henderson",20.462981710197745],["Henry",19.31117824773414],["Hickman",15.638040852185373],["Houston",15.491629332704552],["Humphreys",20.36292401278482],["Jackson",16.439008894536215],["Jefferson",21.69846754807692],["Johnson",17.765514570626394],["Knox",45.74996054223734],["Lake",8.043293718166383],["Lauderdale",14.237107211955434],["Lawrence",18.572035699107523],["Lewis",17.400915837675665],["Lincoln",22.478637446956924],["Loudon",29.456455849666597],["McMinn",24.143562200609665],["McNairy",19.07728823616674],["Macon",17.47454529631886],["Madison",32.27353815659068],["Marion",20.531997918834545],["Marshall",18.840843023255815],["Maury",26.36353250314178],["Meigs",13.329219376735576],["Monroe",15.919956001184584],["Montgomery",33.18181296417461],["Moore",17.85279805352798],["Morgan",12.325245058653381],["Obion",17.68486849864371],["Overton",17.08503430904195],["Perry",14.345063538611925],["Pickett",19.2322027581066],["Polk",19.332220367278797],["Putnam",28.120950323974082],["Rhea",16.149488979189755],["Roane",26.68175272577659],["Robertson",23.042430357042765],["Rutherford",36.1750449875196],["Scott",18.21197686287853],["Sequatchie",23.04897739504844],["Sevier",21.752372270335226],["Shelby",36.28465544504887],["Smith",18.55412420688329],["Stewart",21.05716748060902],["Sullivan",30.66461104537904],["Sumner",33.49039674913461],["Tipton",22.539029634476957],["Trousdale",18.53693181818182],["Unicoi",18.70974338002249],["Union",12.325603771769462],["Van Buren",12.52939200537454],["Warren",19.76672220899786],["Washington",37.18075110138945],["Wayne",14.415269429505429],["Weakley",24.962559156532677],["White",17.728221957040574],["Williamson",61.089278516727134],["Wilson",35.7664701358626]]}