{"trend":[33.27,33.19,33.65564324791748,34.48771359824206],"levels":[[1092143,0.08170707420290296],[1241383,0.09287224557152525],[3329672,0.24910451944052048],[3093545,0.23143902480263068],[949585,0.0710418068485204],[2494952,0.18665616883199468],[1165286,0.0871791603019055]],"ethnicity":[0.44548990009737144,0.28482837167328606,0.171840741561549,0.6068935935218004,0.3247010415327247],"path":[[34.48771359824206,36.3100197697962,38.13232594135034,39.95463211290448,41.776938284458616,43.599244456012755,45.421550627566894,47.24385679912103,49.06616297067517,50.88846914222931,52.71077531378345,54.53308148533759,56.35538765689173,58.17769382844587,60],[34.48771359824206,34.850809434828264,35.21390527141447,35.57700110800067,35.94009694458688,36.30319278117308,36.666288617759285,37.02938445434549,37.392480290931694,37.7555761275179,38.1186719641041,38.48176780069031,38.84486363727651,39.207959473862715,39.57105531044892]],"counties":[["Anderson",17.947409497508556],["Andrews",19.110610751477623],["Angelina",23.49793574278663],["Aransas",29.53376906318083],["Archer",24.83926275182169],["Armstrong",38.427947598253276],["Atascosa",18.268798850058396],["Austin",27.701181767023076],["Bailey",29.023999999999997],["Bandera",30.605461731943944],["Bastrop",24.165322080178726],["Baylor",33.624454148471614],["Bee",15.998652745031997],["Bell",32.300946318076456],["Bexar",34.23060406609739],["Blanco",31.980342191481615],["Borden",34.23728813559322],["Bosque",20.375690607734803],["Bowie",25.7969339963274],["Brazoria",36.71586936028544],["Brazos",45.24556988298783],["Brewster",38.32335329341318],["Briscoe",25.90431738623104],["Brooks",14.883720930232558],["Brown",20.669375534645],["Burleson",16.14885626493684],["Burnet",25.922023182297153],["Caldwell",19.871998307415637],["Calhoun",22.48826291079812],["Callahan",27.431059506531206],["Cameron",22.083625473538888],["Camp",20.305393112410655],["Carson",31.24018838304552],["Cass",19.681441347346436],["Castro",19.162995594713657],["Chambers",26.255619068760755],["Cherokee",18.697412287664708],["Childress",21.92737430167598],["Clay",27.39749826268242],["Cochran",18.762609280430397],["Coke",26.770630279402205],["Coleman",19.9203187250996],["Collin",58.242777293424695],["Collingsworth",23.538230884557723],["Colorado",25.146664015113853],["Comal",41.58573503421002],["Comanche",28.068319226118497],["Concho",15.752923976608187],["Cooke",27.089489235964543],["Coryell",25.58791465503816],["Cottle",22.864651773981603],["Crane",19.468186134852804],["Crockett",10.814966683751923],["Crosby",17.430555555555557],["Culberson",20.328849028400597],["Dallam",14.599207558671138],["Dallas",34.21502275549514],["Dawson",12.107051826677996],["Deaf Smith",18.049815704233218],["Delta",14.325842696629213],["Denton",49.25260645647532],["DeWitt",19.494446572194562],["Dickens",20.34564021995287],["Dimmit",16.164442531209644],["Donley",29.33579335793358],["Duval",14.141414141414142],["Eastland",23.097053134600067],["Ector",20.04432995866531],["Edwards",25.631067961165048],["Ellis",29.862154569804666],["El Paso",28.58763411777681],["Erath",30.45084129682828],["Falls",17.73981603153745],["Fannin",21.22425952045134],["Fayette",25.76480263157895],["Fisher",24.6504401864319],["Floyd",24.64673020046007],["Foard",31.41025641025641],["Fort Bend",48.930435705532915],["Franklin",28.200039690414766],["Freestone",23.635838706572994],["Frio",11.590856615100439],["Gaines",21.14997483643684],["Galveston",37.50379842998227],["Garza",14.37435367114788],["Gillespie",33.28209069946195],["Glasscock",33.155080213903744],["Goliad",27.745965642894323],["Gonzales",15.51778739575636],["Gray",19.953854042044096],["Grayson",29.291238788509034],["Gregg",29.963625590466947],["Grimes",17.068163153572407],["Guadalupe",34.03085680047933],["Hale",20.20555944872693],["Hall",22.236260265319014],["Hamilton",28.23499620157002],["Hansford",29.414047341870393],["Hardeman",26.14770459081836],["Hardin",23.818155967868062],["Harris",34.332276947995524],["Harrison",26.210698852630014],["Hartley",27.04874129619711],["Haskell",16.941731222633884],["Hays",42.93925679214622],["Hemphill",21.971252566735114],["Henderson",22.986513015322643],["Hidalgo",20.843647799109764],["Hill",23.42373869932925],["Hockley",26.669712197350385],["Hood",29.05298192654514],["Hopkins",23.341786418709496],["Houston",17.64369225737879],["Howard",18.388266834884085],["Hudspeth",13.21499013806706],["Hunt",23.360889071075583],["Hutchinson",20.58007340435055],["Irion",20.10989010989011],["Jack",17.528136723634848],["Jackson",26.333808844507843],["Jasper",20.23979760202398],["Jeff Davis",34.146341463414636],["Jefferson",25.588799357191043],["Jim Hogg",7.734573119188504],["Jim Wells",17.404339651405053],["Johnson",23.25316166966571],["Jones",13.762541806020065],["Karnes",16.716099181397556],["Kaufman",24.785431748637958],["Kendall",48.88363237754572],["Kenedy",28.57142857142857],["Kent",32.81653746770026],["Kerr",34.3598691384951],["Kimble",24.74662162162162],["King",36.89839572192514],["Kinney",22.978248745119913],["Kleberg",30.79647246718978],["Knox",21.78988326848249],["Lamar",27.294451194815714],["Lamb",21.33787550325178],["Lampasas",30.615460364352536],["La Salle",11.835891381345927],["Lavaca",22.66960260039845],["Lee",22.84688995215311],["Leon",17.009998795325863],["Liberty",13.621739345641737],["Limestone",19.044513288765692],["Lipscomb",27.601246105919007],["Live Oak",21.21457489878543],["Llano",33.00388672959467],["Loving",5.357142857142857],["Lubbock",34.95003505635984],["Lynn",20.215352552969783],["McCulloch",25.90100913022585],["McLennan",31.74972294388024],["McMullen",13.96011396011396],["Madison",14.469026548672565],["Marion",18.165846802529867],["Martin",17.932296431838974],["Mason",33.87565368971528],["Matagorda",24.349868881118876],["Maverick",20.101897108773095],["Medina",27.556104415960483],["Menard",13.712374581939798],["Midland",31.170617966951006],["Milam",19.505130751406817],["Mills",26.16326530612245],["Mitchell",14.696239151398265],["Montague",22.861825258629523],["Montgomery",38.87954667790514],["Moore",21.642906988336158],["Morris",28.86203732028143],["Motley",27.194860813704498],["Nacogdoches",29.813708260105447],["Navarro",22.903608334745044],["Newton",13.827681752210054],["Nolan",25.12122844827586],["Nueces",28.575532458876996],["Ochiltree",20.45732952225398],["Oldham",35.36231884057971],["Orange",22.23928164328751],["Palo Pinto",19.40046442896348],["Panola",19.720999750892638],["Parker",32.60517537325517],["Parmer",20.19652937486933],["Pecos",16.165100511478528],["Polk",15.854377104377104],["Potter",21.834915808032612],["Presidio",23.289545703338806],["Rains",19.554061228101222],["Randall",41.867400779995414],["Reagan",13.907284768211921],["Real",26.896067415730336],["Red River",17.138576779026216],["Reeves",12.14102928632357],["Refugio",16.78400450577302],["Roberts",40.45643153526971],["Robertson",22.37196765498652],["Rockwall",44.84286475231224],["Runnels",21.332565284178187],["Rusk",20.540156361051885],["Sabine",17.680533751962322],["San Augustine",12.56281407035176],["San Jacinto",15.209842995169083],["San Patricio",22.605515770227033],["San Saba",23.803009575923394],["Schleicher",24.094202898550726],["Scurry",23.56154829710566],["Shackelford",27.899686520376175],["Shelby",18.371775295346783],["Sherman",27.49476622470342],["Smith",35.32621473354232],["Somervell",37.83909111987016],["Starr",13.75477081557787],["Stephens",20.755517826825127],["Sterling",22.77227722772277],["Stonewall",33.70786516853933],["Sutton",15.409383624655012],["Swisher",24.923843810578788],["Tarrant",37.08661590575948],["Taylor",31.78234066616755],["Terrell",22.587268993839835],["Terry",21.073590315387065],["Throckmorton",26.85512367491166],["Titus",18.916424993408913],["Tom Green",30.067942709803702],["Travis",51.29965246356501],["Trinity",14.910136592379583],["Tyler",17.60582367214883],["Upshur",23.217792615868028],["Upton",20.705882352941174],["Uvalde",24.3024302430243],["Val Verde",26.16528202885877],["Van Zandt",