{"trend":[37.89,38.11,38.316209252001,38.72748664028811],"levels":[[7893452,0.04781399517698112],[12382210,0.0750043110695254],[44544848,0.269827085466708],[36332226,0.2200797418839043],[14172352,0.0858479623584813],[31857975,0.1929773010589518],[17903581,0.10844960298544805]],"ethnicity":[0.43299804638626166,0.2713839480170435,0.19307560924708866,0.5913150379197676,0.23066224457045043],"path":[[38.72748664028811,40.24695188026753,41.76641712024695,43.28588236022637,44.805347600205785,46.3248128401852,47.84427808016462,49.36374332014404,50.88320856012346,52.402673800102875,53.92213904008229,55.44160428006171,56.96106952004113,58.48053476002055,60],[38.72748664028811,39.3946365207738,40.06178640125949,40.72893628174518,41.396086162230866,42.063236042716554,42.73038592320224,43.39753580368793,44.06468568417362,44.731835564659306,45.398985445144994,46.06613532563068,46.73328520611637,47.40043508660206,48.06758496708775]]}