{"trend":[43.43,43.36,43.85009356255817,44.95640135928043],"levels":[[148318,0.03364357427874141],[284948,0.06463591205099048],[1080973,0.24520149556233187],[912363,0.20695500451513196],[341004,0.07735132218171722],[972964,0.22070137545369647],[667939,0.1515113159573906]],"ethnicity":[0.4839216078010664,0.2817711229946524,0.2767012455710998,0.6535485156106123,0.26965976192707847],"path":[[44.95640135928043,46.03094411933183,47.10548687938323,48.18002963943463,49.25457239948603,50.32911515953743,51.40365791958883,52.47820067964023,53.55274343969163,54.62728619974303,55.70182895979443,56.776371719845834,57.850914479897234,58.925457239948635,60],[44.95640135928043,45.57936266886293,46.20232397844543,46.82528528802793,47.44824659761043,48.07120790719293,48.69416921677543,49.31713052635793,49.94009183594043,50.56305314552293,51.18601445510543,51.80897576468793,52.43193707427043,53.05489838385293,53.67785969343543]],"counties":[["Accomack",25.00425049589119],["Albemarle",60.22805736944899],["Alleghany",29.193056532958007],["Amelia",21.679253665037763],["Amherst",27.05769919961773],["Appomattox",21.081286401620666],["Arlington",77.46307910176006],["Augusta",25.951396196862536],["Bath",14.417670682730925],["Bedford",34.03419347987682],["Bland",26.637124569177743],["Botetourt",38.308649452183005],["Brunswick",21.314424806857872],["Buchanan",18.27283203687698],["Buckingham",17.927834075196515],["Campbell",27.409826951143238],["Caroline",23.206263637530483],["Carroll",23.521488918819642],["Charles City",16.996142719382835],["Charlotte",25.156347717323328],["Chesterfield",45.4873395366612],["Clarke",42.46610386288053],["Craig",22.47422680412371],["Culpeper",29.931120851596745],["Cumberland",21.603864734299517],["Dickenson",14.557683538531693],["Dinwiddie",21.15423018039007],["Essex",22.929597446355736],["Fairfax",65.25753950262114],["Fauquier",41.718942533885965],["Floyd",30.400389436534013],["Fluvanna",36.280893369740255],["Franklin",26.676482398607952],["Frederick",33.21369146660328],["Giles",27.427764501412124],["Gloucester",28.642254074219515],["Goochland",43.76295386504951],["Grayson",24.191063174114024],["Greene",29.59367493995196],["Greensville",10.41889007470651],["Halifax",26.19689454388613],["Hanover",44.9581862107415],["Henrico",48.81515458390422],["Henry",24.099396126882766],["Highland",29.132075471698112],["Isle of Wight",37.66028902910645],["James City",52.839257105559845],["King and Queen",13.670212765957446],["King George",37.85350567959264],["King William",24.790350373348648],["Lancaster",30.88796077719266],["Lee",20.379445533464015],["Loudoun",65.55216722103407],["Louisa",25.34405526472017],["Lunenburg",16.004556457354408],["Madison",30.037916023030473],["Mathews",26.076342654238793],["Mecklenburg",22.778937601484575],["Middlesex",33.101604278074866],["Montgomery",52.03023867313916],["Nelson",31.633877159309023],["New Kent",33.3827069061285],["Northampton",27.80311369712219],["Northumberland",27.71144278606965],["Nottoway",20.999640417116144],["Orange",29.74857142857143],["Page",17.868265337900965],["Patrick",20.42868752539618],["Pittsylvania",24.66254463119394],["Powhatan",32.93299244901599],["Prince Edward",25.20256761022835],["Prince George",24.03969586254567],["Prince William",45.82435814000385],["Pulaski",28.157189946435928],["Rappahannock",41.044037605145974],["Richmond",14.315669081204728],["Roanoke",47.27360657719743],["Rockbridge",31.223267750213857],["Rockingham",30.4726938962827],["Russell",20.794115813750544],["Scott",24.585436193222783],["Shenandoah",23.19271595900439],["Smyth",26.566064221793297],["Southampton",22.72902976420564],["Spotsylvania",38.480135018017606],["Stafford",46.417120058034094],["Surry",19.983970077477956],["Sussex",13.447884123828459],["Tazewell",24.448938321536907],["Warren",28.728498827208753],["Washington",32.984363465539225],["Westmoreland",21.724176189947855],["Wise",20.524495424893832],["Wythe",27.078069732187977],["York",55.348319099711524],["Alexandria city",66.46558153819154],["Bedford city",28.35491000947269],["Bristol city",31.791588475549176],["Buena Vista city",24.541884816753928],["Charlottesville city",54.54180266131057],["Chesapeake city",40.19629044331697],["Colonial Heights city",29.130685089234312],["Covington city",20.728772774149192],["Danville city",29.52905255366395],["Emporia city",21.598925092374873],["Fairfax city",61.27060715721753],["Falls Church city",78.26601568279331],["Franklin city",23.28767123287671],["Fredericksburg city",39.414573753095155],["Galax city",24.807747080603818],["Hampton city",32.95649526761499],["Harrisonburg city",42.182786157941436],["Hopewell city",14.737299174989143],["Lexington city",55.44735240413877],["Lynchburg city",37.8717698683569],["Manassas city",33.67914599308375],["Manassas Park city",31.57197722156006],["Martinsville city",30.690038953811907],["Newport News city",34.573618480999095],["Norfolk city",32.89438614026321],["Norton city",36.63977218794494],["Petersburg city",18.36868056793204],["Poquoson city",51.10595514307812],["Portsmouth city",29.34319704088773],["Radford city",53.23698277568798],["Richmond city",40.11783004194749],["Roanoke city",31.284684208539392],["Salem city",43.64722244948049],["Staunton city",36.49623074401835],["Suffolk city",35.7871768310154],["Virginia Beach city",44.01027457629964],["Waynesboro city",26.10860145662395],["Williamsburg city",51.57942238267148],["Winchester city",36.06410734252702]]}