{"trend":[25.58,26.4,26.082853732553925,27.794468823554887],"levels":[[35094,0.03534562550799139],[87414,0.08804076218600215],[409110,0.4120433365126334],[185297,0.18662558755782416],[73760,0.07428886241150752],[130177,0.1311103747579015],[72029,0.07254545106613985]],"ethnicity":[0.2665640763502942,0.21531796686398363,0.2826640548481881,0.6299677011655667,0.11961301671064203],"path":[[27.794468823554887,30.09486390758668,32.395258991618476,34.69565407565027,36.99604915968206,39.29644424371385,41.59683932774564,43.89723441177743,46.197629495809224,48.498024579841015,50.79841966387281,53.0988147479046,55.39920983193639,57.69960491596818,60],[27.794468823554887,28.34587787330024,28.89728692304559,29.448695972790944,30.000105022536296,30.55151407228165,31.102923122027,31.654332171772353,32.205741221517705,32.75715027126306,33.30855932100841,33.85996837075376,34.411377420499115,34.96278647024447,35.51419551998982]],"counties":[["Barbour",18.135376756066414],["Berkeley",26.751093072273413],["Boone",14.121391883093395],["Braxton",18.215236405121054],["Brooke",29.129986517566817],["Cabell",34.72761073391529],["Calhoun",13.698630136986301],["Clay",13.938443442462262],["Doddridge",14.536453645364537],["Fayette",16.889172279121667],["Gilmer",16.73631424989553],["Grant",20.06220839813375],["Greenbrier",24.74161233900461],["Hampshire",14.807959278111984],["Hancock",29.23865125699988],["Hardy",16.40560593569662],["Harrison",26.33179078777443],["Jackson",27.915194346289752],["Jefferson",38.749309773605745],["Kanawha",33.422409218406486],["Lewis",21.667040107550974],["Lincoln",13.544451871657754],["Logan",17.725768548271066],["McDowell",10.312956056429382],["Marion",28.491150144693453],["Marshall",24.550399644760212],["Mason",20.71298112697017],["Mercer",24.563651897961673],["Mineral",23.087469152728268],["Mingo",15.859292502639917],["Monongalia",45.46402739042695],["Monroe",19.6530187369882],["Morgan",21.682982711935015],["Nicholas",20.57875560538117],["Ohio",38.54955113536349],["Pendleton",19.308285643194825],["Pleasants",19.138418079096045],["Pocahontas",25.116467490378774],["Preston",18.56947079907232],["Putnam",35.07703332139018],["Raleigh",24.03737193866932],["Randolph",25.925460373326626],["Ritchie",21.5960798039902],["Roane",14.367745876603543],["Summers",20.240585774058577],["Taylor",23.028085655870008],["Tucker",20.71068682047202],["Tyler",15.301421990787102],["Upshur",21.112372304199774],["Wayne",21.933298134459697],["Webster",11.730382293762576],["Wetzel",23.220887245841034],["Wirt",22.4132637396377],["Wood",31.055381847774875],["Wyoming",14.963119072708116]]}