{"trend":[34.35,34.76,35.10941688601987,35.76374590565286],"levels":[[184668,0.05616303789152907],[274331,0.08343222619956388],[771483,0.23463095372057163],[881651,0.2681363231318068],[294538,0.08957777662884306],[581397,0.17682014069043542],[300002,0.0912395417372501]],"ethnicity":[0.43615620820111173,0.3280636438452797,0.16871677654396686,0.5798825599770148,0.1672347781134392],"path":[[35.76374590565286,37.49490691239194,39.22606791913102,40.9572289258701,42.68838993260918,44.419550939348255,46.150711946087334,47.88187295282641,49.61303395956549,51.34419496630457,53.07535597304365,54.80651697978273,56.53767798652181,58.268838993260886,60],[35.76374590565286,36.080649049567526,36.39755219348219,36.714455337396856,37.03135848131152,37.348261625226186,37.66516476914085,37.982067913055516,38.29897105697018,38.615874200884846,38.93277734479951,39.249680488714176,39.56658363262884,39.883486776543506,40.20038992045817]],"counties":[["Apache",19.26336971766571],["Cochise",33.431831613401826],["Coconino",40.49274877117161],["Gila",24.837687432369762],["Graham",23.351537798217876],["Greenlee",22.411831626848695],["La Paz",14.683102432638812],["Maricopa",38.48637372351636],["Mohave",21.10865413609408],["Navajo",24.033980296147718],["Pima",38.42883911407936],["Pinal",27.82485256396203],["Santa Cruz",22.488599936791733],["Yavapai",32.14224864169017],["Yuma",22.52852036679647]]}