{"trend":[26.52,27,27.923556054735826,28.18071272681182],"levels":[[72849,0.04809143373193328],[135585,0.08950674741649403],[528075,0.348609917335731],[351411,0.23198477424772346],[100128,0.06609972788522857],[217035,0.1432761509424994],[109719,0.07243124844039023]],"ethnicity":[0.30124900438508195,0.2078937827728603,0.12835482330468004,0.43855097975633484,0.28943415122684024],"path":[[28.18071272681182,30.453518960610975,32.72632519441013,34.99913142820929,37.27193766200845,39.544743895807606,41.817550129606765,44.090356363405924,46.36316259720508,48.63596883100424,50.9087750648034,53.18158129860256,55.45438753240172,57.72719376620088,60],[28.18071272681182,28.654517017052058,29.128321307292296,29.602125597532535,30.075929887772773,30.54973417801301,31.02353846825325,31.497342758493488,31.971147048733727,32.444951338973965,32.9187556292142,33.39255991945444,33.86636420969468,34.34016849993492,34.81397279017516]],"counties":[["Arkansas ",22.026431718061676],["Ashley ",17.80616740088106],["Baxter ",24.20650863800723],["Benton ",35.625772254355965],["Boone ",23.029111772205695],["Bradley ",15.929656820898071],["Calhoun ",15.309672929714681],["Carroll ",23.131747935925482],["Chicot ",16.379742604044793],["Clark ",31.93470859202884],["Clay ",17.321958456973295],["Cleburne ",24.08861251457443],["Cleveland ",22.93191394987802],["Columbia ",31.69937516500924],["Conway ",20.3817443069073],["Craighead ",30.697934809654143],["Crawford ",23.88405434170162],["Crittenden ",19.448227557492512],["Cross ",20.232558139534884],["Dallas ",19.49131817070188],["Desha ",20.1020102010201],["Drew ",28.431158629718524],["Faulkner ",34.61538461538461],["Franklin ",19.02587519025875],["Fulton ",19.09210095050803],["Garland ",29.204908734660208],["Grant ",23.9185482169234],["Greene ",17.60832527513008],["Hempstead ",19.582016157358623],["Hot Spring ",23.351537798217876],["Howard ",17.178996911310488],["Independence ",20.405790975377784],["Izard ",18.64891942178331],["Jackson ",15.000506431682368],["Jefferson ",23.28695781563872],["Johnson ",20.951855645733193],["Lafayette ",18.337874659400548],["Lawrence ",16.33364312267658],["Lee ",9.730486524326215],["Lincoln ",13.248775587090293],["Little River ",22.4029304029304],["Logan ",18.869106200232622],["Lonoke ",27.361153813902785],["Madison ",16.287556258362727],["Marion ",21.319036089011874],["Miller ",18.988788744779075],["Mississippi ",19.187877756022814],["Monroe ",26.20504037191094],["Montgomery ",21.958520419072055],["Nevada ",19.768190598840953],["Newton ",19.911914696337504],["Ouachita ",21.076099881093935],["Perry ",16.807782381552872],["Phillips ",25.31500572737686],["Pike ",20.064958498736917],["Poinsett ",15.06203863672059],["Polk ",19.70472440944882],["Pope ",27.570602807597027],["Prairie ",15.685413005272409],["Pulaski ",40.013094739477275],["Randolph ",22.96008869179601],["St. Francis ",16.299502551844434],["Saline ",31.405976650362387],["Scott ",17.674161444894953],["Searcy ",16.214302572574937],["Sebastian ",27.685848737428106],["Sevier ",15.253434391283752],["Sharp ",19.679715302491104],["Stone ",20.95144998370805],["Union ",26.754164563351843],["Van Buren ",19.40509915014164],["Washington ",34.26370844950664],["White ",26.572610586612925],["Woodruff ",14.304359175150092],["Yell ",13.916500994035786]]}