{"trend":[45.34,45.83,45.98093867361665,46.984241128410744],"levels":[[98201,0.03492444198814075],[154951,0.05510714972866262],[591001,0.2101850300855711],[646551,0.22994096691351806],[253298,0.09008351551116664],[693924,0.24678881561469412],[373887,0.13297008015824666]],"ethnicity":[0.5351614797647376,0.3390244133142895,0.18950472773707094,0.5425973584539187,0.26092285066486914],"path":[[46.984241128410744,47.91393819066712,48.84363525292349,49.773332315179864,50.70302937743624,51.63272643969261,52.562423501948984,53.49212056420536,54.42181762646173,55.351514688718105,56.28121175097448,57.21090881323085,58.140605875487225,59.0703029377436,60],[46.984241128410744,47.397341405006365,47.810441681601986,48.22354195819761,48.63664223479323,49.04974251138885,49.46284278798447,49.87594306458009,50.28904334117571,50.702143617771334,51.115243894366955,51.528344170962576,51.9414444475582,52.35454472415382,52.76764500074944]],"counties":[["Adams",30.113719076203772],["Alamosa",33.20900492873318],["Arapahoe",47.78913945379114],["Archuleta",38.42846553002224],["Baca",33.00653594771242],["Bent",18.350349274583557],["Boulder",65.20445909242724],["Broomfield",58.79124469127737],["Chaffee",39.45951238617448],["Cheyenne",33.53057199211046],["Clear Creek",45.32386267546085],["Conejos",30.637317635014078],["Costilla",19.587020648967552],["Crowley",17.3012173012173],["Custer",37.52336448598131],["Delta",27.54887601095332],["Denver",48.901464616106374],["Dolores",25.31194295900178],["Douglas",64.48269215224191],["Eagle",51.39659429817529],["Elbert",42.703101920236335],["El Paso",46.872479668039574],["Fremont",22.952408298040343],["Garfield",32.8555431131019],["Gilpin",38.51370443628144],["Grand",37.23427331887202],["Gunnison",55.063291139240505],["Hinsdale",40.37267080745342],["Huerfano",27.655938479065796],["Jackson",31.22476446837147],["Jefferson",50.02683861048892],["Kiowa",42.64339152119701],["Kit Carson",29.82656321314468],["Lake",39.27590511860175],["La Plata",48.26481768266929],["Larimer",54.525999600353245],["Las Animas",33.18125770653514],["Lincoln",21.08355091383812],["Logan",29.792701730340934],["Mesa",36.942308977872855],["Mineral",49.65357967667436],["Moffat",23.516603157321722],["Montezuma",34.59403449041522],["Montrose",30.226083617337878],["Morgan",26.277214917007978],["Otero",28.608923884514432],["Ouray",49.02708889736741],["Park",41.572817403022434],["Phillips",33.83204633204633],["Pitkin",63.49628542602953],["Prowers",33.27882256745707],["Pueblo",33.61731320942996],["Rio Blanco",33.0518018018018],["Rio Grande",25.90341100979399],["Routt",53.98034057870691],["Saguache",25.97748815165877],["San Juan",26.04735883424408],["San Miguel",53.11939406019533],["Sedgwick",32.213608957795],["Summit",55.27100804862948],["Teller",38.14039060288707],["Washington",33.612774451097806],["Weld",36.40944294112158],["Yuma",29.165017807677085]]}