{"trend":[36.78,36.4,36.49537228758117,36.957834663176484],"levels":[[428854,0.04328279666933988],[786740,0.07940303098871983],[2904408,0.29313216364731143],[2126333,0.214603662062864],[1003938,0.10132409706479067],[1753121,0.17693662593738146],[904792,0.09131762362959274]],"ethnicity":[0.4090995290927294,0.25205588194033374,0.30711848735279573,0.5597114926957859,0.28280334728033474],"path":[[36.957834663176484,38.60370361580674,40.24957256843699,41.89544152106724,43.54131047369749,45.187179426327745,46.833048378958,48.47891733158825,50.1247862842185,51.770655236848754,53.416524189479006,55.06239314210926,56.70826209473951,58.35413104736976,60],[36.957834663176484,37.37183880471557,37.78584294625466,38.19984708779375,38.61385122933284,39.027855370871926,39.441859512411014,39.8558636539501,40.26986779548919,40.68387193702828,41.09787607856737,41.511880220106455,41.925884361645544,42.33988850318463,42.75389264472372]],"counties":[["Alachua ",54.154324326644854],["Baker ",14.587560344224446],["Bay ",32.81320844438055],["Bradford ",16.12185626892418],["Brevard ",40.24423568992501],["Broward ",42.01920603080244],["Calhoun ",14.045512010113779],["Charlotte ",31.81087035860559],["Citrus ",25.25321239606954],["Clay ",34.439022462808936],["Collier ",35.489256535142204],["Columbia ",23.408647780708794],["DeSoto ",14.234790874524716],["Dixie ",13.246509445031093],["Duval ",35.82843296530136],["Escambia ",35.1484790512067],["Flagler ",32.98274866927468],["Franklin ",23.534662302886044],["Gadsden ",18.678045245954433],["Gilchrist ",20.49297451774232],["Glades ",16.232961586121437],["Gulf ",20.491357756277857],["Hamilton ",15.806572535299264],["Hardee ",13.081288230525463],["Hendry ",14.37574873691338],["Hernando ",26.59287158929891],["Highlands ",23.0044306913285],["Hillsborough ",40.96566833773288],["Holmes ",14.802291725368649],["Indian River ",34.010885943602204],["Jackson ",23.17747427776354],["Jefferson ",20.019191555715487],["Lafayette ",21.645997745208565],["Lake ",30.167691097544846],["Lee ",32.79839157867207],["Leon ",53.298504718715535],["Levy ",20.584059068534643],["Liberty ",18.290422245108136],["Madison ",18.28778528749143],["Manatee ",36.49157619342526],["Marion ",27.39430352984241],["Martin ",41.66925663266748],["Miami-Dade ",37.67924501487366],["Monroe ",38.03498660422811],["Nassau ",30.34409257003654],["Okaloosa ",38.676852621959355],["Okeechobee ",15.822204098277092],["Orange ",42.29702304272365],["Osceola ",30.70971507477241],["Palm Beach ",42.11918832194305],["Pasco ",32.972393846101724],["Pinellas ",39.07982711977318],["Polk ",27.430503052724603],["Putnam ",19.356226638341354],["St. Johns ",49.34743384121893],["St. Lucie ",26.83409337202621],["Santa Rosa ",38.33883655433621],["Sarasota ",38.50406105782345],["Seminole ",46.37756337102742],["Sumter ",23.71602333374705],["Suwannee ",17.497338623826575],["Taylor ",17.65552534783304],["Union ",16.71597633136095],["Volusia ",32.76720316685235],["Wakulla ",26.09566311935004],["Walton ",32.04083636006675],["Washington ",17.257159728373193]]}