{"trend":[42.3,42.89,41.622415964829955,41.55083330729318],"levels":[[17029,0.023135876572428514],[32495,0.044148235904695785],[197308,0.26806586028261936],[183379,0.24914169416732446],[84063,0.11420936005097529],[150335,0.20424757792683304],[71434,0.09705139509512352]],"ethnicity":[0.5206443270635166,0.49928816682019933,0.31607589619971144,0.4235889130403898,0.36863057324840764],"path":[[41.55083330729318,42.868630928200815,44.18642854910844,45.50422617001607,46.822023790923694,48.13982141183132,49.45761903273895,50.77541665364657,52.0932142745542,53.411011895461826,54.72880951636945,56.04660713727708,57.364404758184705,58.68220237909233,60],[41.55083330729318,41.8577558493795,42.16467839146582,42.47160093355214,42.77852347563846,43.08544601772478,43.392368559811096,43.699291101897416,44.006213643983735,44.313136186070054,44.62005872815637,44.92698127024269,45.23390381232901,45.54082635441533,45.84774889650165]],"counties":[["Hawaii",37.76392519605872],["Honolulu",44.68716117099305],["Kalawao",75.75757575757575],["Kauai",38.1590877867839],["Maui",35.67354557710256]]}