{"trend":[34.84,34.27,34.730236109776634,36.466441862866326],"levels":[[31539,0.03971295962849451],[47839,0.060237429077255114],[206811,0.26041018718819803],[218378,0.27497500547738907],[78951,0.09941272315638638],[149433,0.18816153638875108],[61223,0.07709015908352577]],"ethnicity":[0.38228500263926724,0.35714285714285715,0.12066391147846954,0.5667368421052632,0.16060181945416374],"path":[[36.466441862866326,38.147410301233016,39.82837873959971,41.5093471779664,43.19031561633309,44.87128405469978,46.55225249306647,48.23322093143316,49.91418936979985,51.59515780816654,53.27612624653323,54.95709468489992,56.63806312326661,58.3190315616333,60],[36.466441862866326,36.90963862212083,37.352835381375336,37.79603214062984,38.239228899884345,38.68242565913885,39.125622418393355,39.56881917764786,40.012015936902365,40.45521269615687,40.898409455411375,41.34160621466588,41.784802973920385,42.22799973317489,42.671196492429395]],"counties":[["Ada",45.92977311460426],["Adams",28.92906815020862],["Bannock",38.56821683886124],["Bear Lake",24.01396160558464],["Benewah",19.93723849372385],["Bingham",26.23778732241469],["Blaine",48.0973879393744],["Boise",26.98104035002431],["Bonner",32.071299040205226],["Bonneville",38.81653510428886],["Boundary",14.916637105356507],["Butte",27.10007304601899],["Camas",26.6955266955267],["Canyon",25.397951492040974],["Caribou",31.791739383362422],["Cassia",26.174173015719933],["Clark",9.95145631067961],["Clearwater",26.1240632805995],["Custer",26.276463262764633],["Elmore",29.26193033604419],["Franklin",25.884016973125885],["Fremont",28.13151563753007],["Gem",22.449952335557676],["Gooding",20.289244594215106],["Idaho",21.12692905849982],["Jefferson",32.41500586166471],["Jerome",19.38630552135619],["Kootenai",35.445351189230664],["Latah",52.70699682235146],["Lemhi",32.23060082704938],["Lewis",29.783783783783782],["Lincoln",17.542441390460795],["Madison",47.01699618453],["Minidoka",19.485372624386077],["Nez Perce",33.56202391161782],["Oneida",25.98503740648379],["Owyhee",15.419542317471848],["Payette",25.611983924004385],["Power",25.210999183228964],["Shoshone",19.04207308196244],["Teton",41.039551977598876],["Twin Falls",30.53930775422592],["Valley",45.150618143827266],["Washington",25.60386473429952]]}