{"trend":[40.8,41.4,41.30366051957834,41.74662990022385],"levels":[[311391,0.045266247803673124],[440063,0.06397102294937171],[1750370,0.2544475664618288],[1505483,0.21884886378288784],[563984,0.08198515532339337],[1463138,0.21269326113783216],[844670,0.122787882541013]],"ethnicity":[0.47268201460385045,0.2735162824420767,0.17892654600820812,0.7053971118096299,0.34351061501422625],"path":[[41.74662990022385,43.05044205020786,44.354254200191875,45.658066350175886,46.9618785001599,48.26569065014391,49.56950280012792,50.87331495011193,52.177127100095944,53.480939250079956,54.78475140006397,56.08856355004798,57.39237570003199,58.696187850016,60],[41.74662990022385,42.26997062629498,42.7933113523661,43.31665207843723,43.839992804508356,44.36333353057948,44.88667425665061,45.410014982721734,45.93335570879286,46.456696434863986,46.98003716093511,47.50337788700624,48.026718613077364,48.55005933914849,49.073400065219616]],"counties":[["Adams",34.21948547914384],["Alexander",17.820823244552056],["Bond",36.45237293840458],["Boone",29.23154193872426],["Brown",20.23391812865497],["Bureau",27.649437704282313],["Calhoun",30.536398467432953],["Carroll",27.0856998611637],["Cass",17.87039680274051],["Champaign",53.923350712396456],["Christian",23.098638326137497],["Clark",34.5207100591716],["Clay",29.303106633081445],["Clinton",36.78443319738588],["Coles",37.643432094536735],["Cook",43.16017480470449],["Crawford",32.626020163226116],["Cumberland",30.549719887955185],["DeKalb",40.87194020042714],["De Witt",27.558257345491388],["Douglas",24.070761280063607],["DuPage",56.291934821306306],["Edgar",28.719222015311402],["Edwards",36.08695652173913],["Effingham",37.61263830272613],["Fayette",26.354978354978357],["Ford",29.84928830588892],["Franklin",28.562906994084607],["Fulton",26.844448942414736],["Gallatin",22.22222222222222],["Greene",21.073695832183276],["Grundy",29.13365226491254],["Hamilton",25.918079096045194],["Hancock",30.235377310839482],["Hardin",21.11553784860558],["Henderson",26.535814427733875],["Henry",33.26429639857324],["Iroquois",26.37144745538665],["Jackson",46.84267121509882],["Jasper",32.83349561830574],["Jefferson",28.35217705075776],["Jersey",30.3496385947218],["Jo Daviess",33.40700442026522],["Johnson",24.97126436781609],["Kane",40.99533597948127],["Kankakee",29.344506905406345],["Kendall",45.02790713035437],["Knox",29.698703421629453],["Lake",50.1130903032108],["LaSalle",28.574804212800434],["Lawrence",25.851016799292662],["Lee",28.01184477115694],["Livingston",23.506542765029394],["Logan",26.259457464476842],["McDonough",46.097190584662115],["McHenry",42.44273453684522],["McLean",51.49141307622777],["Macon",31.794216048625827],["Macoupin",26.951612903225808],["Madison",35.72781232334653],["Marion",28.397937939922674],["Marshall",28.451435552840564],["Mason",26.711076280041798],["Massac",28.384499245093107],["Menard",33.44009317222303],["Mercer",28.696857670979668],["Monroe",40.038303385343326],["Montgomery",21.763205375474392],["Morgan",30.42864127777476],["Moultrie",28.06993765248035],["Ogle",30.795748348175813],["Peoria",40.64255270370255],["Perry",27.85918814215934],["Piatt",37.780269058295964],["Pike",21.326727887868536],["Pope",23.881239242685023],["Pulaski",25.335955424450997],["Putnam",30.15326868939631],["Randolph",20.76255391660898],["Richland",40.97781029017313],["Rock Island",34.520530145530145],["St. Clair",37.638415522337404],["Saline",30.0615458396611],["Sangamon",43.83167011862173],["Schuyler",25.132609244758775],["Scott",27.316001464664957],["Shelby",29.58103734802764],["Stark",27.688710754843015],["Stephenson",29.432594910648106],["Tazewell",38.24249165739711],["Union",32.11591033351558],["Vermilion",25.79287321286015],["Wabash",36.35036496350365],["Warren",28.740568775391758],["Washington",36.734693877551024],["Wayne",29.951633832723843],["White",30.48213574179838],["Whiteside",28.351750765543866],["Will",42.142517578384115],["Williamson",35.4369209653437],["Winnebago",30.866978571016],["Woodford",39.829432966140416]]}