{"trend":[33.37,32.98,33.241191482124606,33.809801625023134],"levels":[[113176,0.03329717528884511],[259119,0.07623463246333372],[1131205,0.33280846798453767],[746283,0.2195617080130522],[305782,0.08996321529452919],[561959,0.16533229066360455],[281443,0.08280251029209756]],"ethnicity":[0.34631416767170997,0.23955497409025545,0.18071166828468976,0.6351472062710783,0.21861777150916784],"path":[[33.809801625023134,35.680530080378624,37.551258535734114,39.421986991089604,41.292715446445094,43.16344390180058,45.03417235715607,46.90490081251156,48.77562926786705,50.64635772322254,52.51708617857803,54.38781463393352,56.25854308928901,58.1292715446445,60],[33.809801625023134,34.320854174948956,34.83190672487478,35.3429592748006,35.85401182472642,36.36506437465224,36.876116924578064,37.387169474503885,37.89822202442971,38.40927457435553,38.92032712428135,39.43137967420717,39.94243222413299,40.453484774058815,40.964537323984636]],"counties":[["Adams",24.63207782489399],["Allen",38.32337616280656],["Bartholomew",38.951890034364254],["Benton",24.399382852104914],["Blackford",19.20639710319855],["Boone",51.10879994632134],["Brown",31.39767250499589],["Carroll",24.905374716124147],["Cass",21.762796504369536],["Clark",30.039348508243265],["Clay",28.157408722829945],["Clinton",21.798007516554318],["Crawford",20.80944936598923],["Daviess",23.393739703459637],["Dearborn",27.675453108341607],["Decatur",22.686011904761905],["DeKalb",26.63877266387727],["Delaware",31.75987971711247],["Dubois",31.673378076062637],["Elkhart",24.965544791770697],["Fayette",16.94941878730757],["Floyd",32.986800317586344],["Fountain",22.631697942572913],["Franklin",28.15478615071283],["Fulton",23.699851411589897],["Gibson",28.34992562078041],["Grant",25.892648774795802],["Greene",23.69703572042887],["Hamilton",64.3881952631015],["Hancock",37.63144516094506],["Harrison",25.109455053563114],["Hendricks",44.729159495671915],["Henry",23.515197281480084],["Howard",28.823027029522425],["Huntington",27.3436687129331],["Jackson",22.94349070100143],["Jasper",24.36288901937757],["Jay",19.30269711493281],["Jefferson",25.14763491785067],["Jennings",17.089152160963664],["Johnson",38.84403644659372],["Knox",31.528578226616613],["Kosciusko",27.810444488738288],["LaGrange",14.532581303252131],["Lake",29.814295535831537],["LaPorte",26.84692987508846],["Lawrence",22.92118287046505],["Madison",27.504559006570762],["Marion",35.829545031499094],["Marshall",25.497559143822755],["Martin",24.107633168588684],["Miami",18.98069420826248],["Monroe",51.83572079158731],["Montgomery",26.219731633335048],["Morgan",25.54189105913244],["Newton",18.565568347227735],["Noble",22.788690356148912],["Ohio",23.152856715524976],["Orange",19.75104541476223],["Owen",17.616536236815243],["Parke",23.67088607594937],["Perry",18.78980891719745],["Pike",19.35483870967742],["Porter",36.66519739147142],["Posey",32.84032165422171],["Pulaski",23.974581166955517],["Putnam",25.644146885778046],["Randolph",22.68545994065282],["Ripley",26.410482721162335],["Rush",22.83008356545961],["St. Joseph",36.61814192745008],["Scott",18.97052084924393],["Shelby",26.84383146917837],["Spencer",27.546540217773092],["Starke",19.399290370492615],["Steuben",30.17641072034377],["Sullivan",26.17098489323994],["Switzerland",15.175660992394059],["Tippecanoe",45.719249660361584],["Tipton",25.733554188357786],["Union",26.0319068118511],["Vanderburgh",33.00688880730775],["Vermillion",26.95632130920825],["Vigo",31.262292972555656],["Wabash",25.92340951204447],["Warren",24.492497793468665],["Warrick",40.528648108850334],["Washington",18.44756728092271],["Wayne",26.316681735985533],["Wells",28.76068975185756],["White",28.37508835309825],["Whitley",27.898103467624285]]}