{"trend":[26.97,28.09,28.22922175502175,27.864353111319414],"levels":[[103514,0.0431049524014956],[262271,0.10921400942184296],[820676,0.34174314505332426],[545834,0.22729436201014308],[140554,0.05852902486465419],[360792,0.15023979352397165],[167800,0.06987471272456829]],"ethnicity":[0.32738405041330404,0.1837878676760562,0.22164811217496772,0.4617447182284684,0.14679397609066916],"path":[[27.864353111319414,30.159756460510884,32.45515980970235,34.75056315889382,37.045966508085286,39.34136985727675,41.63677320646822,43.93217655565969,46.227579904851154,48.52298325404262,50.81838660323409,53.113789952425556,55.40919330161702,57.70459665080849,60],[27.864353111319414,28.210382454433883,28.556411797548353,28.902441140662823,29.248470483777293,29.594499826891763,29.940529170006233,30.286558513120703,30.632587856235173,30.978617199349642,31.324646542464112,31.670675885578582,32.016705228693056,32.36273457180753,32.708763914922]],"counties":[["Acadia",18.24582837668392],["Allen",14.017735334242836],["Ascension",30.20390973221493],["Assumption",13.569012723465937],["Avoyelles",15.46162906586935],["Beauregard",20.91475198625725],["Bienville",17.78027852018568],["Bossier",32.765035635738265],["Caddo",29.485666425552978],["Calcasieu",27.98006550483199],["Caldwell",15.031942878617059],["Cameron",16.90721649484536],["Catahoula",13.97419589314919],["Claiborne",14.110902877301292],["Concordia",14.493575207860921],["De Soto",20.291939311138275],["East Baton Rouge",39.55065705807546],["East Carroll",13.45957011258956],["East Feliciana",17.225543713716316],["Evangeline",18.9041095890411],["Franklin",14.403013910355487],["Grant",14.427087593031816],["Iberia",17.330874295031137],["Iberville",16.624522515736803],["Jackson",18.890626880038504],["Jefferson",30.922763935355345],["Jefferson Davis",18.022088353413654],["Lafayette",33.82587168034348],["Lafourche",20.3278231982654],["La Salle",16.91167071455963],["Lincoln",39.21899790163263],["Livingston",22.603681525837214],["Madison",16.519311307584925],["Morehouse",15.481491789590871],["Natchitoches",26.648802362463087],["Orleans",38.19614065909155],["Ouachita",29.14102879645582],["Plaquemines",23.054040654437284],["Pointe Coupee",19.82456140350877],["Rapides",25.686051156116392],["Red River",20.157583716349308],["Richland",16.56993072458341],["Sabine",16.051218504750103],["St. Bernard",16.803067589995994],["St. Charles",29.6702519105576],["St. Helena",9.884129213483146],["St. James",18.513996686142846],["St. John the Baptist",21.72258592471358],["St. Landry",18.545739974311402],["St. Martin",15.906526407745787],["St. Mary",14.003951732411263],["St. Tammany",38.60443718222272],["Tangipahoa",26.0274648466409],["Tensas",11.839246922519912],["Terrebonne",17.893333789025785],["Union",20.25059261767694],["Vermilion",18.305414750411227],["Vernon",24.459572435208408],["Washington",16.54547670309136],["Webster",18.889683106981177],["West Baton Rouge",23.684210526315788],["West Carroll",10.444444444444445],["West Feliciana",17.826725403817914],["Winn",18.372423596304195]]}