{"trend":[43.87,44.4,44.67900134736038,45.420770389001156],"levels":[[104511,0.03282485808276522],[186270,0.05850375860030692],[785370,0.24666933425631096],[661596,0.20779434517060533],[217689,0.06837185110829555],[696649,0.21880380590081716],[531813,0.16703204688089884]],"ethnicity":[0.508709368026643,0.3404570570025467,0.24202479104344513,0.6951494069995373,0.34790791950195454],"path":[[45.420770389001156,46.46214393264393,47.50351747628671,48.54489101992949,49.586264563572264,50.62763810721504,51.66901165085782,52.710385194500596,53.75175873814337,54.79313228178615,55.83450582542893,56.875879369071704,57.91725291271448,58.95862645635726,60],[45.420770389001156,45.9343950294897,46.448019669978244,46.96164431046679,47.47526895095533,47.988893591443876,48.50251823193242,49.016142872420964,49.52976751290951,50.04339215339805,50.557016793886596,51.07064143437514,51.584266074863685,52.09789071535223,52.61151535584077]],"counties":[["Allegany",26.834898483815117],["Anne Arundel",45.70252930704377],["Baltimore",44.997895622895626],["Calvert",38.35879042730814],["Caroline",24.85840151038389],["Carroll",43.40974849766303],["Cecil",29.850582490535672],["Charles",36.98185243950813],["Dorchester",25.149665794827087],["Frederick",47.7957619829541],["Garrett",27.147441948272608],["Harford",43.12471859522738],["Howard",67.46950499235294],["Kent",38.30072090628218],["Montgomery",63.69813228834182],["Prince George's",37.22312595058945],["Queen Anne's",38.7080405932865],["St. Mary's",38.14636953902048],["Somerset",19.105935386927122],["Talbot",39.34573039034926],["Washington",29.42877168389697],["Wicomico",33.86019227635653],["Worcester",37.99543396085183],["Baltimore city",32.53887590202256]]}