{"trend":[49.61,50.2,50.53735354434919,50.766632245284335],"levels":[[133051,0.037163640853050676],[177197,0.04949444700331468],[842538,0.23533667268226177],[609837,0.17033891700852954],[298467,0.08336743349909041],[888302,0.24811941659248427],[630747,0.17617947236126866]],"ethnicity":[0.5427230803529005,0.3393785430338955,0.22593528700368742,0.6337089619313624,0.3131744604316547],"path":[[50.766632245284335,51.42615851347831,52.08568478167229,52.74521104986627,53.40473731806025,54.06426358625423,54.723789854448206,55.383316122642185,56.042842390836164,56.70236865903014,57.36189492722412,58.0214211954181,58.68094746361208,59.34047373180606,60],[50.766632245284335,51.266672872354086,51.76671349942384,52.26675412649359,52.76679475356334,53.26683538063309,53.76687600770284,54.26691663477259,54.76695726184234,55.266997888912094,55.767038515981845,56.267079143051596,56.76711977012135,57.2671603971911,57.76720102426085]],"counties":[["Barnstable",50.82315502074839],["Berkshire",41.162557859454125],["Bristol",37.596485701995924],["Dukes",50.10198604401503],["Essex",48.53039638297712],["Franklin",45.30545911206323],["Hampden",36.15320377512096],["Hampshire",54.99843350216699],["Middlesex",60.53496174142638],["Nantucket",49.80385746976136],["Norfolk",61.67130842788349],["Plymouth",45.59913132345427],["Suffolk",47.84400301942983],["Worcester",46.344867950733814]]}