{"trend":[45.05,45.22,45.78697417683242,46.57805419974976],"levels":[[63116,0.022070707671175967],[116409,0.040706461266460534],[687720,0.24048525064359494],[660472,0.2309570384212709],[337767,0.11811199565831317],[679231,0.2375167761296743],[315003,0.11015177020951017]],"ethnicity":[0.47964219198194646,0.2993726163676731,0.19305452156776876,0.5453549985616317,0.19334570898186493],"path":[[46.57805419974976,47.53676461405335,48.495475028356935,49.454185442660524,50.41289585696411,51.3716062712677,52.33031668557129,53.28902709987488,54.24773751417847,55.206447928482056,56.165158342785645,57.123868757089234,58.08257917139282,59.04128958569641,60],[46.57805419974976,47.232158387861475,47.88626257597319,48.54036676408491,49.194470952196625,49.84857514030834,50.50267932842006,51.156783516531775,51.81088770464349,52.46499189275521,53.119096080866925,53.77320026897864,54.42730445709036,55.081408645202075,55.73551283331379]],"counties":[["Aitkin",29.397384182862726],["Anoka",39.85817826084607],["Becker",36.02544101764071],["Beltrami",40.63694267515923],["Benton",32.9139630491852],["Big Stone",33.093525179856115],["Blue Earth",43.905129619415334],["Brown",32.08196464883466],["Carlton",37.10433454468847],["Carver",56.70705803815266],["Cass",30.805945724805675],["Chippewa",34.35313262815296],["Chisago",32.47377326565144],["Clay",47.203995333916595],["Clearwater",31.007574018820286],["Cook",41.25444552214678],["Cottonwood",30.122623067353828],["Crow Wing",37.94905701961525],["Dakota",52.16035735234399],["Dodge",38.846414400464525],["Douglas",43.42857142857143],["Faribault",31.612992017616296],["Fillmore",34.97267759562841],["Freeborn",30.13578073925069],["Goodhue",38.42827134560731],["Grant",35.24374176548089],["Hennepin",55.88983380233516],["Houston",41.81512272367379],["Hubbard",35.72659391154509],["Isanti",28.358577137500617],["Itasca",35.30109759715218],["Jackson",36.061820263308526],["Kanabec",25.10149634613154],["Kandiyohi",38.608342387453355],["Kittson",37.373292199206695],["Koochiching",30.26334519572954],["Lac qui Parle",36.252771618625275],["Lake",34.905988857938716],["Lake of the Woods",27.268663388466695],["Le Sueur",33.79909109407854],["Lincoln",35.00712250712251],["Lyon",39.453778167051524],["McLeod",36.23695198329854],["Mahnomen",25.981753272510907],["Marshall",34.26874231872184],["Martin",34.37529872861103],["Meeker",31.233288770053477],["Mille Lacs",27.11018401251583],["Morrison",27.642229080533397],["Mower",32.370907951756905],["Murray",30.907830907830906],["Nicollet",47.32016491292843],["Nobles",27.682962105872146],["Norman",32.59193357058126],["Olmsted",55.05225586113036],["Otter Tail",37.760631001371735],["Pennington",34.39888811674774],["Pine",22.994586614173226],["Pipestone",30.517652155079055],["Polk",38.37388953263809],["Pope",38.18181818181818],["Ramsey",49.53647148756305],["Red Lake",28.955916473317867],["Redwood",29.633440514469452],["Renville",30.6056460639224],["Rice",37.51808856159758],["Rock",34.20271416454622],["Roseau",28.482153587309217],["St. Louis",40.6727293925615],["Scott",50.01537343470483],["Sherburne",38.659206081081074],["Sibley",25.698041692987996],["Stearns",38.57681497223555],["Steele",38.63504916136495],["Stevens",43.043995243757436],["Swift",29.363490792634106],["Todd",24.909776245087816],["Traverse",41.23222748815166],["Wabasha",34.48457685209597],["Wadena",30.88103086604735],["Waseca",30.79365079365079],["Washington",53.746756220424366],["Watonwan",28.39036755386565],["Wilkin",40.949033391915634],["Winona",41.21015297837792],["Wright",40.450794321319194],["Yellow Medicine",33.90983287990673]]}