{"trend":[29.28,28.87,29.859231755002792,30.274401334482544],"levels":[[72538,0.0475445455647791],[180282,0.11816462769182368],[443936,0.2909748735813749],[367037,0.24057193981719688],[144020,0.09439694301248291],[208134,0.13642003427968422],[109738,0.07192703605265831]],"ethnicity":[0.35363064734316546,0.21210498519585816,0.1660216915321554,0.4629463714322284,0.21972453222453223],"path":[[30.274401334482544,32.39765838201951,34.52091542955647,36.64417247709343,38.76742952463039,40.89068657216735,43.01394361970431,45.13720066724127,47.26045771477823,49.383714762315186,51.506971809852146,53.630228857389106,55.753485904926066,57.876742952463026,60],[30.274401334482544,30.771886296131584,31.269371257780623,31.766856219429663,32.264341181078706,32.76182614272775,33.25931110437679,33.756796066025835,34.25428102767488,34.75176598932392,35.249250950972964,35.74673591262201,36.24422087427105,36.741705835920094,37.23919079756914]],"counties":[["Adams",26.966492395437264],["Alcorn",26.727870220645766],["Amite",16.154071470415936],["Attala",23.79454926624738],["Benton",18.782081194587025],["Bolivar",26.9926905673512],["Calhoun",17.43216412971542],["Carroll",20.84736748803404],["Chickasaw",16.13198900091659],["Choctaw",22.91007681879801],["Claiborne",24.41273326015368],["Clarke",17.75370850011773],["Clay",25.19729961015499],["Coahoma",28.758117533873165],["Copiah",25.92141746128356],["Covington",24.33989941324392],["DeSoto",32.794286652438025],["Forrest",35.137316007679686],["Franklin",20.89116143170197],["George",19.04885430177259],["Greene",15.166626125030406],["Grenada",26.74633160530709],["Hancock",32.19354838709677],["Harrison",30.718236538148695],["Hinds",36.968607850845174],["Holmes",17.516208361278785],["Humphreys",17.080008626266984],["Issaquena",6.045589692765113],["Itawamba",23.071040108769544],["Jackson",29.4568724602071],["Jasper",20.3430258973194],["Jefferson",22.307692307692307],["Jefferson Davis",20.13485965187392],["Jones",28.136602039012317],["Kemper",19.375692648688585],["Lafayette",49.01512572345703],["Lamar",45.25521463657721],["Lauderdale",28.796055536476473],["Lawrence",21.930490210957657],["Leake",19.66769008488351],["Lee",31.804110513697836],["Leflore",20.6944096264728],["Lincoln",29.085240242748174],["Lowndes",29.2772667542707],["Madison",54.551935835231205],["Marion",21.229664370511504],["Marshall",16.232263258528732],["Monroe",22.37802636416155],["Montgomery",22.64222264222264],["Neshoba",22.06537380936065],["Newton",26.143299840360598],["Noxubee",19.993117687543013],["Oktibbeha",49.01889723013202],["Panola",25.026834642110614],["Pearl River",26.6643598615917],["Perry",22.48698122139814],["Pike",25.250869349230005],["Pontotoc",21.075505967825634],["Prentiss",24.66634890371783],["Quitman",19.86401165614376],["Rankin",39.69222059239816],["Scott",15.77734320435815],["Sharkey",30.800821355236142],["Simpson",20.830087116651317],["Smith",22.425934919864012],["Stone",25.596432552954294],["Sunflower",19.307456716044754],["Tallahatchie",18.073765469917902],["Tate",26.71595982142857],["Tippah",22.402540130534486],["Tishomingo",21.70064644455495],["Tunica",26.094062102778285],["Union",21.744462881465985],["Walthall",24.932109142635458],["Warren",33.89698736637512],["Washington",25.426428876714457],["Wayne",18.99008966493629],["Webster",22.727272727272727],["Wilkinson",16.89138576779026],["Winston",28.64295932965461],["Yalobusha",22.880279453794856],["Yazoo",18.77585867209562]]}