{"trend":[37.65,38.26,39.9638030061394,39.16438608869626],"levels":[[6227,0.011842523159197971],[25545,0.04858154072614617],[153079,0.29112600011030454],[135033,0.25680607511738873],[50472,0.09598776760736151],[111263,0.21160023354132712],[44198,0.08405585973827395]],"ethnicity":[0.41435225153210764,0.593279258400927,0.27593955831073225,0.5230812013348165,0.25482703817671526],"path":[[39.16438608869626,40.652644225217955,42.14090236173965,43.62916049826134,45.117418634783036,46.60567677130473,48.09393490782642,49.58219304434812,51.07045118086981,52.558709317391504,54.0469674539132,55.53522559043489,57.023483726956584,58.51174186347828,60],[39.16438608869626,39.68069970302904,40.19701331736182,40.7133269316946,41.22964054602738,41.745954160360164,42.262267774692944,42.778581389025724,43.294895003358505,43.811208617691285,44.327522232024066,44.843835846356846,45.36014946068963,45.87646307502241,46.39277668935519]],"counties":[["Beaverhead",41.05655414291978],["Big Horn",22.40502035278155],["Blaine",28.82238126219909],["Broadwater",25.666666666666664],["Carbon",40.76251558881168],["Carter",23.896499238964992],["Cascade",35.242227042660886],["Chouteau",33.21454027084818],["Custer",34.91300745650373],["Daniels",39.46188340807175],["Dawson",40.716265188659136],["Deer Lodge",29.45410917816437],["Fallon",27.896138482023968],["Fergus",36.60624370594159],["Flathead",37.49746830315551],["Gallatin",53.48278116366857],["Garfield",26.727272727272727],["Glacier",31.481192445762446],["Golden Valley",31.877729257641917],["Granite",38.294117647058826],["Hill",34.92321138718941],["Jefferson",42.988929889298895],["Judith Basin",36.455463728191],["Lake",34.01126837982685],["Lewis and Clark",47.91266934124077],["Liberty",28.78787878787879],["Lincoln",29.149154758569164],["McCone",32.804232804232804],["Madison",40.895313592912096],["Meagher",23.55289421157685],["Mineral",19.25380009212345],["Missoula",47.86685419596812],["Musselshell",23.08930008045052],["Park",37.35881841876629],["Petroleum",17.666666666666668],["Phillips",30.16241299303944],["Pondera",34.95589676576282],["Powder River",26.164874551971327],["Powell",26.963657678780777],["Prairie",37.42802303262956],["Ravalli",33.796624592256414],["Richland",28.68320610687023],["Roosevelt",26.306878306878303],["Rosebud",28.81319622964867],["Sanders",23.859299817487972],["Sheridan",34.335260115606935],["Silver Bow",33.17543562848926],["Stillwater",31.285912423221717],["Sweet Grass",33.771929824561404],["Teton",37.725335955424455],["Toole",28.431051424828038],["Treasure",31.645569620253166],["Valley",30.24377176533619],["Wheatland",22.08955223880597],["Wibaux",36.94267515923566],["Yellowstone",39.85689695038923]]}