{"trend":[43.75,44.58,44.14718416174588,44.57864131648385],"levels":[[558308,0.05300668845008119],[779835,0.07403882961997511],[2706364,0.2569466913970703],[1792905,0.1702213773680349],[969790,0.09207347269249992],[2168317,0.20586361592528626],[1557265,0.14784932454705232]],"ethnicity":[0.5231916871827397,0.317932337380276,0.2335807586774399,0.5415599915860817,0.30359397357124823],"path":[[44.57864131648385,45.680166936735006,46.78169255698616,47.88321817723731,48.98474379748846,50.086269417739615,51.18779503799077,52.28932065824192,53.39084627849307,54.492371898744224,55.59389751899538,56.69542313924653,57.79694875949768,58.89847437974883,60],[44.57864131648385,45.147652583046536,45.71666384960922,46.2856751161719,46.854686382734585,47.42369764929727,47.99270891585995,48.56172018242263,49.130731448985316,49.699742715548,50.26875398211068,50.837765248673364,51.40677651523605,51.97578778179873,52.54479904836141]],"counties":[["Albany",52.33749138093149],["Allegany",33.65600691443388],["Bronx",26.659303513986437],["Broome",42.2474375574511],["Cattaraugus",30.984315715701204],["Cayuga",34.1909057437408],["Chautauqua",36.52529366625347],["Chemung",34.787350054525625],["Chenango",32.012843968188776],["Clinton",32.64510927982802],["Columbia",43.310830642794244],["Cortland",39.906714849987395],["Delaware",31.99055028308419],["Dutchess",45.42279980550767],["Erie",46.18743750795828],["Essex",37.319825005756385],["Franklin",30.553640375068944],["Fulton",29.077609636613765],["Genesee",37.37786295516667],["Greene",30.707680694470653],["Hamilton",39.17716827279466],["Herkimer",35.496957403651116],["Jefferson",34.238374656581755],["Kings",38.83989266281308],["Lewis",26.645768025078368],["Livingston",38.639288814391335],["Madison",41.1907392933186],["Monroe",50.088040441802946],["Montgomery",32.90933064453579],["Nassau",54.07869529326309],["New York",65.51820932142599],["Niagara",36.567268166933744],["Oneida",37.437427563928686],["Onondaga",47.95751633986928],["Ontario",47.994163560931014],["Orange",40.3284077341727],["Orleans",26.983989988348508],["Oswego",28.51044993202011],["Otsego",39.338456398262615],["Putnam",49.695402705957356],["Queens",40.257661386611474],["Rensselaer",44.31549891349034],["Richmond",39.97521743563199],["Rockland",51.44806415317676],["St. Lawrence",34.13071800810655],["Saratoga",51.674267636303874],["Schenectady",44.415044182440255],["Schoharie",36.457966936334856],["Schuyler",31.907861792689033],["Seneca",32.82815040117468],["Steuben",36.70025285418742],["Suffolk",44.68837466884196],["Sullivan",32.82743247409234],["Tioga",38.17550274223035],["Tompkins",60.741895666861566],["Ulster",41.728208292692635],["Warren",42.57012466607302],["Washington",28.636207094478245],["Wayne",36.776835101671224],["Westchester",54.558925318036806],["Wyoming",29.228480515723792],["Yates",33.13169296166108]]}