{"trend":[36.94,37.94,37.64394201854459,38.241082437232606],"levels":[[228207,0.0445420922547347],[434372,0.08478196416794236],[1339297,0.2614078031370178],[1162281,0.2268573160679791],[498121,0.09722467556219003],[981908,0.19165160017730407],[479215,0.09353454863283198]],"ethnicity":[0.4315214134960242,0.2658135466322246,0.15713250492685263,0.5818126370275126,0.21253784505788068],"path":[[38.241082437232606,39.79529083457314,41.34949923191367,42.9037076292542,44.45791602659473,46.01212442393526,47.56633282127579,49.120541218616324,50.674749615956856,52.22895801329739,53.78316641063792,55.33737480797845,56.89158320531898,58.44579160265951,60],[38.241082437232606,38.8109955485948,39.380908659957,39.9508217713192,40.520734882681396,41.09064799404359,41.66056110540579,42.23047421676799,42.800387328130185,43.37030043949238,43.94021355085458,44.51012666221678,45.080039773578974,45.64995288494117,46.21986599630337]],"counties":[["Alamance",32.52790033739943],["Alexander",21.67475487768644],["Alleghany",27.88712767810486],["Anson",18.473895582329316],["Ashe",28.12843029637761],["Avery",26.96504344311982],["Beaufort",30.151539448364336],["Bertie",19.419124218051834],["Bladen",20.01525802408588],["Brunswick",33.43748363560194],["Buncombe",43.602769942587486],["Burke",28.376540497562406],["Cabarrus",37.56855769434386],["Caldwell",25.052033211736006],["Camden",34.171451197782616],["Carteret",34.52950778850676],["Caswell",18.182503770739064],["Catawba",30.996999240771764],["Chatham",44.5220893047495],["Cherokee",28.608337406605685],["Chowan",25.17081169718502],["Clay",29.663496708119972],["Cleveland",28.05160436652332],["Columbus",23.492325466248555],["Craven",32.15467410803269],["Cumberland",34.24769079675282],["Currituck",25.156426686769695],["Dare",39.56598536462276],["Davidson",27.571543892760907],["Davie",34.92005648430739],["Duplin",20.880331041847427],["Durham",53.19793095021519],["Edgecombe",20.08273787138022],["Forsyth",41.51245580680834],["Franklin",26.425578429586448],["Gaston",29.30817723019451],["Gates",21.960723192019948],["Graham",20.320366132723112],["Granville",25.87830220299217],["Greene",22.834578804347824],["Guilford",42.34615218644939],["Halifax",20.479447274757486],["Harnett",29.50591868244982],["Haywood",35.44143441824206],["Henderson",37.73021589445989],["Hertford",25.66061267440954],["Hoke",29.5283134249256],["Hyde",16.809933142311365],["Iredell",35.08517193752877],["Jackson",37.448039989476456],["Johnston",32.31494567617702],["Jones",24.769457764662484],["Lee",30.36159181199919],["Lenoir",26.077676810141316],["Lincoln",30.314512192287125],["McDowell",27.328250532874243],["Macon",27.945990180032734],["Madison",28.03970223325062],["Martin",25.85081585081585],["Mecklenburg",50.41124649282869],["Mitchell",24.185478950579622],["Montgomery",25.308388157894733],["Moore",42.49953600593912],["Nash",29.013200226178174],["New Hanover",48.558387858536264],["Northampton",20.031670625494854],["Onslow",29.442755294611032],["Orange",62.59113182741723],["Pamlico",32.71239062941011],["Pasquotank",30.23165648928952],["Pender",30.32226043180771],["Perquimans",25.95693779904306],["Person",26.94486404833837],["Pitt",40.22252024040134],["Polk",32.33032109209768],["Randolph",24.259193380502523],["Richmond",22.418952618453865],["Robeson",19.766275157882312],["Rockingham",23.028347454271916],["Rowan",27.903868149434317],["Rutherford",27.649977447000452],["Sampson",22.66045611275785],["Scotland",22.763109159214775],["Stanly",26.783174793793254],["Stokes",19.596630863148132],["Surry",27.057465366854796],["Swain",34.16897506925207],["Transylvania",36.91211700920439],["Tyrrell",17.283046503112413],["Union",41.033201853482936],["Vance",19.476042743881422],["Wake",58.54398895453899],["Warren",24.126455906821963],["Washington",22.293564282514563],["Watauga",49.72406961935758],["Wayne",27.592089467365895],["Wilkes",22.810557752845266],["Wilson",28.951494132737896],["Yadkin",25.844259038537942],["Yancey",26.892811569544875]]}