{"trend":[34.87,34.72,35.789295973746654,35.50793735603718],"levels":[[134413,0.02202985477763963],[434699,0.07124575630322343],[1997875,0.3274452330792169],[1367933,0.2241997822795482],[542758,0.08895627595100274],[1032777,0.16926880084282267],[590947,0.09685429676654644]],"ethnicity":[0.3656307441820404,0.24296395962383233,0.23001510639752826,0.6923070256779124,0.28468453188602444],"path":[[35.50793735603718,37.257370402034525,39.00680344803187,40.75623649402921,42.50566954002655,44.255102586023895,46.00453563202124,47.75396867801858,49.50340172401592,51.252834770013266,53.00226781601061,54.75170086200795,56.50113390800529,58.250566954002636,60],[35.50793735603718,35.978944625618205,36.44995189519923,36.92095916478025,37.39196643436127,37.862973703942295,38.33398097352332,38.80498824310434,39.27599551268536,39.747002782266385,40.21801005184741,40.68901732142843,41.16002459100945,41.631031860590475,42.1020391301715]],"counties":[["Adams",18.637153938745485],["Allen",27.48648799242213],["Ashland",29.328462204813377],["Ashtabula",21.647933116581513],["Athens",39.346202203979],["Auglaize",28.919259882253993],["Belmont",26.203628557216533],["Brown",19.270636619245458],["Butler",36.411480998538956],["Carroll",20.290881009073942],["Champaign",22.81187362794693],["Clark",27.614827319406345],["Clermont",35.7859375729016],["Clinton",24.037894927700464],["Columbiana",24.05754902800377],["Coshocton",21.320035507284214],["Crawford",22.678469696305708],["Cuyahoga",39.185319092916224],["Darke",21.786313630430726],["Defiance",27.918882648242956],["Delaware",60.84248813136386],["Erie",31.15601160155012],["Fairfield",36.89995772320227],["Fayette",21.11674458418384],["Franklin",44.906092284933635],["Fulton",26.843788875066643],["Gallia",25.90331109152713],["Geauga",46.47012869536614],["Greene",47.82554917870572],["Guernsey",22.56056688690989],["Hamilton",43.477217769712055],["Hancock",36.414846824600666],["Hardin",21.660198645004275],["Harrison",19.728053435114504],["Henry",26.650399891554834],["Highland",19.9991087741188],["Hocking",23.934884903980667],["Holmes",15.147960543854971],["Huron",21.21183084195733],["Jackson",23.868031854379975],["Jefferson",28.215389710752923],["Knox",28.56425366637648],["Lake",37.09908740555569],["Lawrence",23.275137988960882],["Licking",32.7203378286337],["Logan",22.464762379942623],["Lorain",32.83365510369309],["Lucas",34.22172432958177],["Madison",27.116418400426774],["Mahoning",30.944427573641057],["Marion",21.354352296093214],["Medina",42.19088358597442],["Meigs",23.88517499016909],["Mercer",26.766429367039567],["Miami",30.85614550799192],["Monroe",19.997409661960887],["Montgomery",35.851409070344864],["Morgan",18.214515093127808],["Morrow",23.242896816919465],["Muskingum",24.399027640226883],["Noble",16.002664890073284],["Ottawa",31.944008255193147],["Paulding",22.417285617825794],["Perry",18.878963589823957],["Pickaway",22.29418726985797],["Pike",19.88288348926432],["Portage",33.472058534669024],["Preble",19.71843535596543],["Putnam",35.4165485169852],["Richland",26.025141268546214],["Ross",23.860908529754692],["Sandusky",26.512378234162682],["Scioto",23.70121980852408],["Seneca",27.31043466337584],["Shelby",24.778212528570876],["Stark",31.809380159393406],["Summit",40.99506224738382],["Trumbull",26.155642372805243],["Tuscarawas",24.1583135269195],["Union",37.28650137741047],["Van Wert",24.46261998107341],["Vinton",16.841663166736666],["Warren",48.13087730467775],["Washington",26.831955922865014],["Wayne",27.838496345283673],["Williams",24.93127405408107],["Wood",43.46294890227944],["Wyandot",26.320706641753013]]}