{"trend":[41.39,42.6,41.218832691521634,43.15981875761965],"levels":[[27877,0.04990610269804811],[39501,0.0707156782535997],[137558,0.2462597723907918],[112567,0.20152025908136395],[52237,0.09351598402403198],[116607,0.20875276813542695],[72242,0.12932943541673753]],"ethnicity":[0.4671196798504144,0.3014716439339555,0.16005067567567569,0.46687831979974365,0.2465277777777778],"path":[[43.15981875761965,44.3626888463611,45.56555893510256,46.768429023844014,47.97129911258547,49.174169201326926,50.37703929006838,51.57990937880984,52.78277946755129,53.98564955629275,55.188519645034205,56.39138973377566,57.59425982251712,58.79712991125857,60],[43.15981875761965,43.69183399572157,44.223849233823486,44.755864471925406,45.287879710027326,45.819894948129246,46.351910186231166,46.883925424333086,47.415940662435005,47.947955900536925,48.479971138638845,49.011986376740765,49.544001614842685,50.076016852944605,50.608032091046525]],"counties":[["Bristol",54.67939651107968],["Kent",43.035551991446134],["Newport",56.35647003807869],["Providence",36.83583453949874],["Washington",54.5126960133144]]}