{"trend":[43.58,44.16,44.08097442401806,46.227247801390575],"levels":[[4463,0.013087554360416526],[16869,0.0494676124817088],[99533,0.2918762151367551],[62506,0.18329614000721384],[30945,0.0907448733325318],[78938,0.2314822689004167],[47757,0.1400453357809572]],"ethnicity":[0.45574259693785946,0.4909162717219589,0.37142857142857144,0.486741987548997,0.46422487223168657],"path":[[46.227247801390575,47.211015815576964,48.19478382976335,49.17855184394974,50.16231985813613,51.14608787232252,52.129855886508906,53.113623900695295,54.09739191488168,55.08115992906807,56.06492794325446,57.04869595744085,58.03246397162724,59.016231985813626,60],[46.227247801390575,46.7586079644326,47.28996812747462,47.82132829051665,48.35268845355867,48.884048616600694,49.41540877964272,49.94676894268474,50.478129105726765,51.00948926876879,51.54084943181081,52.072209594852836,52.60356975789486,53.134929920936884,53.66629008397891]],"counties":[["Addison",42.80016363264471],["Bennington",40.72763233227502],["Caledonia",39.04487640988721],["Chittenden",58.30327531530659],["Essex",26.40368557443133],["Franklin",34.08988595438175],["Grand Isle",39.186647860836864],["Lamoille",45.22534582775546],["Orange",39.944547134935306],["Orleans",28.11189772492955],["Rutland",35.94821929248941],["Washington",49.50474055675036],["Windham",44.063132335087005],["Windsor",44.51146716933711]]}