{"trend":[42.02,42.32,42.50297732498675,43.28768897176738],"levels":[[139562,0.037494663749740406],[196909,0.05290148281263979],[848605,0.22798583519402457],[925860,0.24874112852592148],[396194,0.1064413007098254],[782846,0.21031905201866757],[432207,0.11611653698918081]],"ethnicity":[0.45018276227734494,0.3154793702667882,0.1852518197451179,0.5460058546051747,0.2136814598281513],"path":[[43.28768897176738,44.48142547378399,45.675161975800606,46.86889847781722,48.06263497983383,49.256371481850444,50.450107983867056,51.64384448588367,52.83758098790028,54.031317489916894,55.22505399193351,56.41879049395012,57.61252699596673,58.806263497983345,60],[43.28768897176738,43.72091964067304,44.1541503095787,44.587380978484354,45.02061164739001,45.45384231629567,45.88707298520133,46.320303654106986,46.753534323012644,47.1867649919183,47.61999566082396,48.05322632972962,48.486456998635276,48.919687667540934,49.35291833644659]],"counties":[["Adams",23.119198827552516],["Asotin",28.7997094606864],["Benton",38.74414077794807],["Chelan",33.559960681520316],["Clallam",34.408005987857955],["Clark",37.30570404875964],["Columbia",29.227166276346605],["Cowlitz",27.18937125748503],["Douglas",29.198522910490457],["Ferry",28.238680973567128],["Franklin",22.98514058443352],["Garfield",31.928251121076233],["Grant",24.519068511643606],["Grays Harbor",25.997252533630544],["Island",39.68292505280536],["Jefferson",42.12637294829075],["King",56.3373455189312],["Kitsap",40.50953714819261],["Kittitas",42.08186006643094],["Klickitat",29.64828723209379],["Lewis",26.327519630963796],["Lincoln",36.76662320730117],["Mason",26.489086200517946],["Okanogan",30.170884302922776],["Pacific",27.361201223468345],["Pend Oreille",29.415137614678898],["Pierce",34.89230510123882],["San Juan",44.82186324408055],["Skagit",36.075708736259195],["Skamania",32.41713823767179],["Snohomish",40.639081003429126],["Spokane",42.93667988390631],["Stevens",33.115325921081315],["Thurston",43.864727219433554],["Wahkiakum",27.693909422175945],["Walla Walla",37.283439713824784],["Whatcom",45.02702702702703],["Whitman",61.63157894736842],["Yakima",23.29519847460565]]}