{"trend":[37.99,38.21,39.06981132387774,39.55676553941403],"levels":[[68616,0.02257729852238728],[164436,0.05410575754674238],[919906,0.3026843939392444],[684008,0.2250648945974857],[336583,0.11074873015857348],[583233,0.19190605032510638],[282377,0.09291287491046042]],"ethnicity":[0.41295664391810516,0.20945570264163443,0.16882243687465467,0.5437550541487625,0.2252988784355614],"path":[[39.55676553941403,41.016996572313026,42.47722760521202,43.93745863811102,45.39768967101001,46.85792070390901,48.318151736808005,49.778382769707,51.238613802606,52.69884483550499,54.15907586840399,55.619306901302984,57.07953793420198,58.539768967100976,60],[39.55676553941403,40.08206483194895,40.607364124483865,41.13266341701878,41.6579627095537,42.18326200208862,42.708561294623536,43.23386058715845,43.75915987969337,44.28445917222829,44.809758464763206,45.335057757298124,45.86035704983304,46.38565634236796,46.91095563490288]],"counties":[["Adams",20.61783495230594],["Ashland",38.99477965278621],["Barron",32.277186391150074],["Bayfield",40.26114039290849],["Brown",39.857982259125656],["Buffalo",31.452397498262684],["Burnett",26.324870594035],["Calumet",41.4584966954184],["Chippewa",33.91601127763763],["Clark",22.183677195545005],["Columbia",33.71432240665233],["Crawford",25.06515580736544],["Dane",57.76062156155224],["Dodge",26.602139582272034],["Door",35.864201592210016],["Douglas",36.87675598607791],["Dunn",38.13489164840516],["Eau Claire",47.582429158327194],["Florence",25.148986889153758],["Fond du Lac",31.7325486712562],["Forest",20.74026802807913],["Grant",33.270451037557876],["Green",32.41990731412452],["Green Lake",25.58304603528696],["Iowa",35.70389650156932],["Iron",38.50736908121668],["Jackson",27.656873413130214],["Jefferson",33.93946290395994],["Juneau",24.673202614379086],["Kenosha",36.09840988193544],["Kewaunee",26.68621700879765],["La Crosse",46.74520518780051],["Lafayette",29.255505068157987],["Langlade",23.448472195862593],["Lincoln",27.635988656870328],["Manitowoc",30.351170568561876],["Marathon",36.55307019391437],["Marinette",26.454495714025168],["Marquette",22.209944751381215],["Menominee",20.785103170608956],["Milwaukee",36.76185590515276],["Monroe",30.00945179584121],["Oconto",28.323005236105104],["Oneida",34.398805847230804],["Outagamie",40.280875236692616],["Ozaukee",55.61467254952851],["Pepin",31.368044920877995],["Pierce",39.967834689799695],["Polk",31.183972389410325],["Portage",38.712372173412064],["Price",28.194284249647573],["Racine",33.398444944162826],["Richland",26.123110151187905],["Rock",31.145000236619182],["Rusk",27.700210748155953],["St. Croix",45.783747024821494],["Sauk",31.730039753588446],["Sawyer",31.182672473068987],["Shawano",26.585320761693474],["Sheboygan",34.711878644933044],["Taylor",24.286643740124546],["Trempealeau",31.329738261212682],["Vernon",32.16511425316625],["Vilas",33.09532309889325],["Walworth",35.87435393740583],["Washburn",30.41572900627739],["Washington",41.38263576998319],["Waukesha",52.91716494505598],["Waupaca",27.600926059904502],["Waushara",23.6151822623074],["Winnebago",36.97649741494141],["Wood",34.52954603094091]]}