{"trend":[35.99,34.85,37.34643326184896,36.15961578370045],"levels":[[3880,0.01278085770096087],[17568,0.05786961548723726],[88884,0.29278705048768194],[83474,0.2749663184871154],[32491,0.10702650710358753],[52262,0.17215288277515903],[25020,0.08241676795825797]],"ethnicity":[0.37992489627812603,0.3945371775417299,0.20524136675917923,0.6251464271768841,0.20338345864661656],"path":[[36.15961578370045,37.86250037057899,39.56538495745753,41.26826954433607,42.97115413121461,44.67403871809315,46.37692330497169,48.07980789185023,49.78269247872877,51.48557706560731,53.18846165248585,54.89134623936439,56.59423082624293,58.29711541312147,60],[36.15961578370045,36.492790495543154,36.825965207385856,37.15913991922856,37.49231463107126,37.82548934291396,38.15866405475666,38.491838766599365,38.82501347844207,39.15818819028477,39.49136290212747,39.82453761397017,40.157712325812874,40.490887037655575,40.82406174949828]],"counties":[["Albany",59.04971680302077],["Big Horn",30.176480866678318],["Campbell",27.160297450988192],["Carbon",28.29448677722994],["Converse",28.150749696069163],["Crook",38.44480696030451],["Fremont",34.82269157602068],["Goshen",34.375],["Hot Springs",31.059322033898304],["Johnson",37.246876346402416],["Laramie",38.90402412394718],["Lincoln",31.76895306859206],["Natrona",34.91203992514036],["Niobrara",25.685425685425685],["Park",41.191954643628506],["Platte",33.86567490702254],["Sheridan",35.929101612490406],["Sublette",40.09703690868134],["Sweetwater",29.186378553467165],["Teton",55.943007124109485],["Uinta",28.657494829601657],["Washakie",31.24254710231338],["Weston",26.593806921675775]]}